-0.09698075,0.29434946,0.43171328,-0.1893335,-0.029945007
-0.120365,0.33991194,0.4478859,-0.171659,-0.018152975
-0.1313237,0.3209105,0.48170802,-0.3653517,0.03454742
-0.05262107,0.3278839,0.39522305,-0.12614015,-0.06751787
-0.18437253,0.43340537,0.5194074,-0.23645523,-0.1369264
0.15876521,-0.27586657,0.56530094,0.074810006,0.1658161
0.29571694,-0.17914413,0.61898583,0.1939067,0.07168339
-0.4071162,-0.34783104,0.5082612,0.16803305,-0.37437916
0.037131462,0.062183086,0.52305275,0.14283031,-0.048206024
0.12352605,-0.18429951,0.5998835,0.22157961,0.30209142
-0.17476968,-0.08391338,0.17945185,-0.034112558,0.41003224
-0.13114135,0.13810873,-0.05019213,-0.28644195,0.46926704
0.059243314,0.13547856,-0.013304489,-0.14801754,0.39342627
-0.3264846,0.14194083,0.068340905,-0.051971808,0.42818606
-0.25771675,0.08743965,0.10076854,-0.2289392,0.5364386
-0.2718876,0.30381587,0.54354954,-0.029813662,0.0009006557
-0.3310953,0.3679569,0.43734047,-0.060372304,-0.027515253
-0.3660894,0.21300362,0.6013172,-0.020284167,-0.21074663
-0.33413818,0.29598513,0.42508253,-0.08755423,-0.060427126
-0.37365064,0.24261554,0.6667944,0.15551357,-0.11681706
-0.2762053,0.008052438,0.23788838,-0.14653257,-0.31615233
-0.4122766,-0.26131147,-0.37218654,-0.39261314,-0.5473201
-0.6923227,-0.65641016,-0.44093955,-0.53484195,-0.5189733
-0.4535287,-0.4921407,-0.64945537,-0.61795026,-0.51824516
-0.079647936,-0.3480892,-0.6205646,-0.49800473,-0.63137984
-0.17862232,-0.22333165,0.782364,0.28416258,-0.29298553
0.045083858,-0.553142,0.7127118,0.16622347,-0.34719455
-0.119863756,-0.250166,0.8380491,0.25243267,-0.62916213
-0.084020086,-0.48615843,0.64405626,0.1982976,-0.4440076
-0.101290256,-0.23403211,0.62837744,0.22707619,-0.19045383
-0.22247928,-0.14334673,-0.5658081,-0.6142885,-0.56064284
-0.26825687,-0.41821072,-0.53275377,-0.48190176,-0.6238002
-0.6619596,-0.5322664,-0.6770588,-0.61179394,-0.6417672
-0.5543546,-0.6057182,-0.6333608,-0.5771385,-0.49259093
-0.6010078,-0.58565956,-0.6669099,-0.3562569,-0.51243514
0.54422975,0.14818469,-0.34968922,-0.049900908,0.06590544
0.6131284,-0.07526056,-0.17495945,0.027306432,-0.07902083
0.6537989,-0.06947714,-0.2925484,-0.07242605,0.03492571
0.6514246,-0.043632496,-0.34153333,-0.05590769,0.026849313
0.5650094,0.12526543,-0.13230059,0.008173879,0.06760327
-0.10878411,0.05842934,0.40440536,0.093857616,0.25220573,-0.013795172,0.3248193,0.17048822
-0.031662475,-0.1466156,-0.11365485,0.09258419,0.066385664
-0.15273853,-0.02507716,-0.13585,0.1599523,-0.17519882
0.020757966,0.003777449,-0.08558136,0.087215096,0.0991098
0.017087355,0.03029858,-0.15545526,0.18016759,-0.08663149
-0.009872745,-0.0015189983,-0.20660147,0.18674661,0.006145871
0.062759064,0.35371897,0.22591339,0.35083434,-0.16707432
0.10169727,0.28850874,0.017661272,0.3802391,-0.26639643
-0.027437884,0.3024264,0.16538523,0.42985332,-0.20039015
0.022572365,0.30952454,-0.09430872,0.41751143,-0.17502946
-0.15512629,0.20446768,0.06310402,0.33574045,-0.18358569
-0.30978385,0.004402882,-0.11231083,-0.34152782,-0.029253315
-0.37682447,0.01955885,-0.114376165,-0.4395941,0.08775954
-0.29062557,0.114538915,-0.14705102,-0.2781948,0.1291375
-0.27553317,0.0958874,-0.21857326,-0.12118056,0.010144252
-0.07824106,-0.016859205,-0.10305072,-0.25417197,0.050871808
-0.2464454,-0.08175574,0.17261373,-0.40543267,0.15495446
-0.38707992,0.025284814,0.12178745,-0.22040111,0.039209522
-0.2073461,-0.030401716,0.16238195,-0.06046899,-0.025401654
-0.12873675,-0.16552635,0.1264306,-0.2182163,-0.09672803
-0.111844525,0.041604903,0.11634361,-0.12563756,0.02632758
-0.11052283,-0.29362017,-0.014145612,-0.40527445,-0.018771721
-0.27884552,-0.53778374,-0.05228136,-0.47881433,-0.20082986
-0.19123168,-0.3797596,-0.07367442,-0.5345038,-0.008667106
-0.30460992,-0.504971,0.021842724,-0.5205124,0.098588265
-0.18148309,-0.41003457,-0.025585543,-0.41159073,-0.07473285
0.38762948,-0.1164128,0.26355782,0.41211125,-0.2289126
0.20063859,-0.18290435,0.2173247,0.2760085,-0.20922819
0.24043126,-0.123208575,0.13598141,0.29769048,-0.08316307
0.25420454,-0.22545625,0.29859444,0.2642922,-0.09578114
0.33654642,-0.3556912,0.27939746,0.23877457,-0.25598672
0.18237676,0.18982719,0.045521665,0.1137134,0.1704629
0.1378957,0.11527516,0.10798521,0.08837755,0.024633903
-0.032355182,0.037902735,0.1836114,0.068660885,0.14508304
-0.0016364343,0.008704971,0.21345823,0.15742403,-0.029979719
0.14384794,0.19488543,0.23384906,0.286032,0.054789256
0.26816273,0.065496795,0.0019120707,0.3475036,-0.116967864
0.1718841,0.01667761,0.16003667,0.24860558,0.12106632
0.14825937,0.0557392,0.20134446,0.30720493,0.12252096
0.23938805,0.054112043,0.17281306,0.42482063,0.20795694
0.07475403,0.16089387,0.1111913,0.11220133,0.0459126
-0.38289016,-0.36400387,-0.04585402,0.052280173,0.1195413
-0.20857337,-0.39920303,-0.03325192,-0.2512989,0.21784653
-0.21631727,-0.155979,-0.18789108,-0.18538348,0.1998449
-0.24914606,-0.2692079,-0.24696334,-0.1635658,0.14001456
-0.09723628,-0.27381462,-0.16514975,0.018679919,0.05058919
0.14605197,-0.0055370927,-0.051248472,0.2710896,-0.085196376
0.31387794,0.17163086,-0.09568916,0.2109994,-0.0023038872
0.36155578,0.12924978,-0.10190985,0.22942974,-0.010544915
0.12133222,-0.050133433,-0.12613338,0.25974342,0.009336854
0.19039717,0.16028336,0.017940782,0.32183674,-0.021580061
0.23248985,-0.41597328,0.32555458,-0.31382838,0.12285619
0.042671952,-0.35693747,0.09729808,-0.24225369,0.10220966
0.08145494,-0.1768384,0.024185525,-0.3339652,0.04713038
0.08702441,-0.360289,0.2648746,-0.28550902,0.0020225013
0.015211384,-0.21493301,0.03338529,-0.30704564,0.13269049
-0.047554065,0.33341277,0.24958462,0.2469278,-0.1742128
-0.058127712,0.36198503,0.115513,0.09032084,-0.09698411
-0.01727599,0.28264683,0.3089544,0.13676353,-0.09302409
0.113770396,0.19447634,0.23131394,-0.0064481813,-0.0716198
0.109518304,0.19880658,0.2923103,0.10537376,-0.10276775
-0.17414068,0.038251568,-0.19049677,0.09915347,0.03579456
-0.059290994,-0.08963016,-0.26569134,0.09298055,0.083080806
-0.13877276,0.03981382,-0.11490595,0.22205068,-0.1411304
-0.025457231,0.16121846,-0.05324579,0.12447736,0.027363762
-0.056913596,0.0077318894,-0.12722555,0.2769143,0.107157625
0.29500857,-0.07618742,-0.046803363,0.07746867,-0.030899407
0.22385973,-0.21442229,-0.02431628,0.24287404,-0.110254355
0.27470487,-0.09068118,0.012773447,0.17711452,-0.20018932
0.24688461,-0.24516396,-0.05907673,-0.040943194,-0.046473097
0.14684546,-0.11190828,0.070436746,0.25985554,-0.20086998
-0.11467733,0.1710819,0.070308335,0.0210237,0.2707948
-0.054573912,0.17436221,-0.11125498,-0.19451298,-0.02518247
-0.11977659,0.24052304,-0.21947128,-0.032900434,0.13872638
0.010345627,0.1842554,-0.16766901,0.07654189,0.19233607
-0.07849776,0.15751487,-0.2011146,0.06031441,0.11244808
-0.15689285,0.02570662,-0.20674685,0.057371873,-0.3400295
-0.24555759,0.17080715,-0.12096123,-0.07579675,-0.34557363
-0.15396872,-0.06455628,-0.30445877,0.039954014,-0.2059623
-0.11443348,0.095905185,-0.259369,-0.03890552,-0.2745205
-0.16777647,0.13585916,-0.26012102,0.031018812,-0.11101527
-0.018991942,0.04571477,-0.07219953,0.14040945,0.024093296
0.10448035,0.11356293,0.2065559,0.19352521,-0.11068816
0.052521743,0.2940442,0.11986679,0.17623593,0.12948555
0.17383373,-0.030631276,0.1783082,0.10932769,-0.02235712
0.13191672,0.15024681,0.023648085,-0.016406111,-0.13627651
0.20759144,0.45716563,-0.0107900025,-0.105711944,0.28210983
0.2888234,0.32843643,-0.08588143,-0.045338143,0.39185923
0.30410883,0.41352937,-0.13449092,0.0305385,0.25415948
0.33951125,0.37373602,-0.022072166,0.15188953,0.3041781
0.19676715,0.31649536,-0.016640963,0.0969214,0.37475723
-0.13852574,-0.10857698,0.06804932,0.011371287,0.09877625
-0.08018833,-0.074652135,0.13714373,0.04612742,0.2766476
-0.07716718,-0.10683422,0.25267965,0.029233642,-0.0011308
-0.19337888,-0.15927802,0.3012205,0.03287791,0.09830984
-0.019189268,-0.19329418,0.28888485,-0.10510788,-0.04744951
0.1223765,0.32627383,0.14819232,0.19433507,0.09494095
0.14961158,0.23693249,0.11851354,0.20371485,-0.023285456
0.12923793,0.11437875,0.24542831,0.27730298,0.014805244
0.073090404,0.33740458,0.06599098,0.13136446,-0.12716168
0.11300526,0.16165252,0.089796275,0.18941584,-0.058895145
-0.016387329,0.21056916,-0.0061989827,-0.023861874,0.0181341
0.117066346,-0.05060051,-0.03735964,-0.02273783,0.04360882
-0.024096383,-0.027581202,0.079408824,-0.050316487,0.059211325
-0.082464814,0.03787757,0.015692173,0.16863044,-0.0043971743
0.020341061,-0.087565936,0.24013644,0.08679182,0.08090834
0.0023706765,0.054490786,0.17476039,0.03757105,-0.06765009
-0.102699235,0.14778543,0.13138488,0.02852868,-0.014512057
0.09283282,0.26984018,0.02153607,0.11090269,0.05917015
0.129872,0.22276449,0.1027134,0.16932514,-0.098700225
-0.0666741,0.08869031,0.11865749,0.06590416,-0.08042587
0.2589494,0.30586275,0.23733407,0.41980135,0.031259608
0.23272024,0.2511906,0.34638706,0.48546037,-0.089249045
0.37628543,0.28413272,0.21972738,0.40924254,0.046363838
0.2553807,0.24861011,0.3612558,0.17975861,0.009247578
0.30817926,0.17235175,0.27639806,0.2813422,-0.17899194
0.012479951,0.024635348,-0.2800608,-0.027071077,-0.26307642
-0.3263592,0.064125784,-0.21843533,-0.08020459,-0.31459832
-0.106973745,0.02805955,-0.13229214,-0.11545427,-0.21929313
-0.14442056,0.17871228,-0.24658121,-0.027448125,-0.27797157
-0.16722034,0.11212074,-0.24434023,-0.060747705,-0.19332543
0.2765963,0.024028635,0.025661206,0.3346649,0.013820407
0.27319145,-0.00053781003,-0.10045425,0.15349843,0.16143239
0.37384537,0.2086684,-0.24600859,0.2809794,0.00651157
0.15617928,0.26521772,-0.10525216,0.3443233,-0.0039881575
0.101641506,0.109576076,-0.2407846,0.20921056,-0.13688931
-0.066872604,-0.2341137,0.097474314,0.33829588,-0.0015376728
-0.08059717,-0.087056935,0.21319357,0.3867237,0.071824946
-0.04311489,-0.18698634,0.23046893,0.3163364,0.122434
0.118007,-0.19348519,0.27601984,0.3841217,0.025190912
-0.09079139,-0.32563928,0.32560378,0.19673908,-0.21143231
-0.0805133,-0.26296175,0.10298912,-0.042532768,-0.1937517
-0.011026101,-0.23667304,0.20353064,-0.07498709,-0.17893203
0.015342934,-0.2643824,0.25059384,-0.1666881,-0.26664925
-0.010583851,-0.3066455,0.20447372,-0.038986504,-0.21877436
-0.1188305,-0.19291788,0.30413818,-0.25304353,-0.1712615
0.03157317,0.29227737,0.10863845,-0.037846,-0.06415246
-0.08752761,0.29644454,0.09299659,0.030820135,0.041244257
0.010296291,0.24837129,-0.0010081184,-0.03965226,0.11615701
-0.08578841,0.22938171,0.05114441,0.062752135,0.120916694
-0.10701661,0.3431786,0.007208582,-0.04640402,0.27245256
-0.082209356,-0.20009252,0.029028663,-0.31861976,-0.005333633
-0.3048159,-0.1318081,0.023700548,-0.31477046,-0.028339298
-0.0607066,-0.23241289,-0.023670694,-0.27577734,-0.10128107
-0.20370279,-0.17408516,-0.14306457,-0.2658813,-0.06014281
-0.09253055,-0.24763483,0.062297244,-0.302065,0.05839528
-0.20227471,0.1128671,-0.06458447,-0.32980788,0.1824865
-0.20780857,-0.017038152,-0.08544224,-0.2123136,0.051449668
-0.20073667,0.14115392,0.021568147,-0.2097605,0.046585
-0.22070633,0.19140933,-0.12018819,-0.17376307,0.10954552
-0.21120784,0.08797825,-0.16422419,-0.07838007,0.13572426
0.07367178,0.07612916,0.07696446,-0.05140953,0.0305546
0.22278823,-0.08035662,0.24742417,0.042635247,0.22827528
0.15419242,0.14335524,0.19640337,0.14009775,0.0421235
0.0832286,0.14935414,0.17325816,0.06384308,0.013557402
0.010377013,0.06349618,0.017081343,0.15904245,0.06886218
0.15063454,0.26996952,0.096572414,0.4882885,-0.18111964
0.15836303,0.12601177,0.19768867,0.5303125,-0.043937117
0.06351909,0.34702972,0.19287172,0.37892637,-0.13411391
0.15029432,0.17198998,0.098496005,0.2927918,0.0011857222
0.04313839,0.15398993,0.090740085,0.47991687,-0.06560045
0.04214701,-0.33172482,-0.10121578,0.21071823,-0.18934579
0.25437832,-0.2506665,0.0663424,0.23252161,-0.3114359
0.18368372,-0.11818506,0.006142771,0.18690659,-0.3267388
0.17111917,-0.26639464,-0.102877885,0.1054003,-0.22365388
-0.038100306,-0.12623192,-0.12583862,0.121992014,-0.22556408
-0.029082939,-0.23873542,0.20456897,-0.20509078,-0.25287807
-0.13499679,-0.026165508,0.18492419,-0.14054328,-0.33058807
-0.09520229,-0.08585851,0.29707667,-0.010203995,-0.3082475
-0.14091255,-0.0744843,0.3558973,-0.1946726,-0.3932916
-0.2192413,-0.14831401,0.20730993,-0.13055216,-0.43284908
0.01684705,-0.05957087,0.03598396,0.1714011,0.0060252054
0.013402641,-0.15522635,-0.10079468,0.051105674,-0.16040792
0.122559264,-0.14430153,-0.11259935,0.019619009,-0.16404025
0.14557745,-0.16726631,-0.051363286,-0.027390342,-0.20050858
0.14324945,-0.21092574,0.013548749,0.058777638,-0.09649462
0.011727428,-0.04241287,-0.21358696,0.16595775,-0.19772376
0.12944053,-0.03332045,-0.0742209,0.118289664,-0.16280608
0.16801155,-0.094960086,-0.12054219,0.19918865,-0.1593344
-0.018311504,0.012609617,-0.22355859,0.11412603,-0.17731346
-0.0043195114,-0.04013293,-0.2147263,0.16521078,-0.15204944
0.017660523,-0.025918268,0.17222714,0.24233608,-0.049909215
-0.16380712,-0.0076380656,0.17224234,-0.0001345989,0.10279187
-0.106012546,-0.07087961,0.16626105,0.06765121,-0.07992301
-0.13456555,0.016155057,0.2553197,0.22363928,0.008056583
0.027028127,-0.054083392,0.22608034,0.051963422,0.07361481
-0.13225006,-0.14220215,0.00092281675,0.046188578,0.062156375
-0.25483367,-0.14457956,0.10752977,-0.062971905,0.12847607
-0.07129525,-0.08543931,0.12417897,-0.16365731,0.002696028
-0.039733097,-0.32356355,0.19126111,-0.26340434,0.018233912
-0.18604253,-0.20797633,-0.020444518,-0.108577766,0.08377666
0.19902617,-0.3398969,-0.1319137,-0.32840523,-0.41295806
0.16644388,-0.6383531,-0.1004772,-0.42772484,-0.31053162
0.23315954,-0.4512222,-0.06652344,-0.27831733,-0.45411086
0.14440593,-0.47331655,-0.2811149,-0.2911496,-0.27139154
-0.071698315,-0.49147353,-0.1749186,-0.27466512,-0.2775761
-0.29363903,-0.06152789,-0.08883878,-0.21067894,0.039558757
-0.22821435,0.010379408,0.04803579,-0.27761734,-0.23973994
-0.25892925,-0.0107374145,-0.0050445404,-0.33122307,-0.26884353
-0.12237967,0.04147055,-0.11628263,-0.34158257,-0.21536602
-0.22177732,-0.20571081,-0.04394908,-0.07681803,-0.03173411
-0.19284394,-0.042471185,0.00413692,-0.3566778,0.17932954
-0.098282106,-0.26838714,-0.122243255,-0.38383877,0.22825356
-0.28574702,-0.25571096,-0.15482959,-0.49541926,0.32421675
-0.1977763,-0.2828739,-0.15191446,-0.54923934,0.28835478
-0.011238631,-0.2148675,-0.15032342,-0.31250915,0.14301157
-0.13102093,0.21994278,-0.1976408,0.07352057,0.0771936
-0.12335213,0.0146372,-0.06286681,-0.022742307,0.044158533
-0.11421023,0.15217999,0.01787481,-0.100415625,0.17733422
-0.050013196,0.1632528,-0.1299962,0.008252364,0.051319204
-0.01732839,0.08174187,-0.16624278,0.08487826,0.03875093
-0.08921355,0.10812997,-0.23834768,0.136472,-0.12885733
0.0071463785,0.078039266,-0.22844706,0.09619785,-0.1590664
0.009379335,-0.033202507,-0.15142348,0.17210399,-0.069929436
-0.13785824,0.07475061,-0.23163043,0.014008907,-0.18210657
-0.13746077,0.20077245,-0.29204565,0.14115506,-0.07280578
0.009038369,-0.098049805,0.3373216,-0.21358444,-0.34691334
0.08184819,-0.32645094,0.22399043,-0.19883385,-0.28137144
0.22943176,-0.13305523,0.18970072,-0.33384323,-0.3660166
0.019266821,-0.2309835,0.16070695,-0.3162665,-0.14350899
0.14282681,-0.27766153,0.1525555,-0.1171772,-0.09690568
0.20792936,-0.26877937,0.18534826,0.19534136,-0.3879331
0.24337472,-0.15905586,0.10160508,0.1475769,-0.2513264
0.24831967,-0.21293901,0.18320179,0.20295471,-0.25384042
0.1541327,-0.3971096,0.059338283,0.124315314,-0.28265736
0.2663478,-0.26758498,0.07008293,-0.045118436,-0.3232768
-0.036452323,-0.00050023326,-0.016370434,-0.008390605,0.06411414
0.07617089,0.08413226,0.028057907,0.04579401,0.042799797
-0.12066914,0.13635448,-0.09904025,0.070076875,0.059294775
-0.00076011074,0.077925436,-0.16079685,0.009587234,-0.045488875
-0.14064755,0.08516944,-0.16679016,0.0759645,0.12709378
-0.07435224,0.13757293,0.2771064,-0.08851852,0.15062024
-0.024406457,0.20050892,0.056773115,0.077812195,0.14835827
-0.15049553,0.11848861,0.2414835,-0.04265352,0.09777072
0.03366082,0.026988506,0.21428059,-0.15254344,-0.025831312
-0.087743685,0.018821673,0.11453211,-0.17175443,0.069782205
-0.23590253,-0.05960588,-0.0007493968,0.1004124,-0.07895768
-0.15084307,0.055137686,0.028092152,0.16832215,-0.19675995
-0.04270002,-0.025700243,0.07343257,0.05079185,-0.17253219
0.045331653,-0.058593765,-0.087945506,0.23052044,-0.17586957
0.006374392,-0.06126498,-0.0047027357,0.05137041,-0.1237018
0.019871082,0.06687011,-0.025756309,0.034416202,0.06992414
-0.0870013,-0.056612708,0.01355908,-0.22573805,0.17342624
-0.23716575,0.048503686,0.06672562,-0.113836884,0.14967258
-0.098709926,-0.16645318,-0.03528934,-0.047708992,0.15962699
-0.1400127,-0.052425735,0.09061869,-0.1823348,0.18783993
-0.048315454,-0.16908035,0.07292372,0.07867401,-0.24034166
-0.12464871,0.04792078,-0.053588443,0.0539771,-0.30280715
-0.09957615,-0.13792446,0.018686386,0.065113395,-0.086469404
0.022186218,0.032836724,-0.006139287,0.010831084,-0.22872116
0.05928233,-0.06861063,0.048515726,0.16362092,-0.23042531
-0.023535125,0.06701433,0.016482595,0.07239685,-0.2417262
0.11043249,0.028168814,-0.04132485,-0.11057665,-0.19180074
0.0012362734,0.13265933,-0.12009523,0.14545594,-0.035416503
0.026365962,-0.0013809855,-0.05229013,-0.06719469,-0.032909606
-0.073988326,0.043747913,-0.18884082,0.15641728,0.062797315
-0.112473756,-0.11918604,0.10321095,-0.030579438,0.12991756
-0.15728354,-0.018163342,0.16014066,-0.06426826,0.09509357
-0.060426366,0.0024711313,-0.005077209,-0.15767577,0.1411126
-0.11800249,-0.17133698,0.038578633,-0.15157647,0.04383669
-0.106039315,-0.101107486,0.003945755,-0.30818138,0.27540347
-0.058915224,-0.10574728,-0.02993086,-0.09251,0.09613565
-0.13166231,-0.24044655,-0.102971464,-0.09166884,0.03927248
-0.2752487,-0.18069308,-0.181678,-0.3283385,0.15738787
-0.05957234,-0.06136877,-0.13768588,-0.212958,-0.036121644
-0.12780675,0.10142739,-0.030808168,-0.19890782,0.07239312
-0.010575303,-0.06864442,0.0772729,0.057454936,-0.037589885
0.048894215,-0.13246553,0.16965146,-0.07026238,-0.11748485
-0.035272237,0.07260198,0.18100923,-0.24055599,0.041933622
-0.04384384,-0.14633976,-0.005721836,-0.07726807,-0.010526922
0.059794214,-0.18042232,0.05513754,-0.21425427,-0.10064729
-0.10853313,-0.0919974,0.17423326,-0.18796556,0.0059134937
-0.10234096,-0.124278665,0.042123128,-0.3053468,0.15484376
-0.0823344,-0.22541566,0.18027014,-0.24340583,0.20185272
-0.06787271,-0.063754,0.15392932,-0.29888332,0.13712046
-0.104649104,-0.109466605,0.114293605,-0.13410014,0.16900438
-0.054017093,-0.0050241644,0.05640892,0.17169768,-0.09106217
-0.08815074,0.114659004,0.10586984,0.024499865,-0.08371355
-0.11337926,-0.13878167,-0.0045669386,-0.065247715,-0.012410226
-0.16408047,-0.022859165,0.16783033,-0.053837482,-0.17681742
0.013496677,0.043828346,-0.04152411,0.01670823,-0.14772385
0.07130492,0.11334653,-0.2662066,-0.04932771,0.1467292
-0.09743278,0.1400697,-0.039563242,-0.11024161,0.080426656
-0.13181719,0.17153876,0.091406494,-0.0026181883,0.005408176
-0.10409312,0.096060224,-0.134068,-0.11576439,0.112159625
0.023549117,0.2438731,-0.14877981,-0.02364905,0.05755213
0.110052034,-0.318984,0.24858758,-0.31887385,-0.18212575
0.13864753,-0.22393698,0.13710926,-0.15533918,-0.096172504
0.06964348,-0.24600868,0.07910103,-0.28888258,0.00616295
-0.1473556,-0.2413411,0.3326518,-0.21273646,-0.17957173
-0.009948506,-0.23957545,0.27376646,-0.19876479,-0.108212754
-0.01589259,0.08614642,-0.16555266,-0.06290264,0.010331599
-0.10435172,0.11066586,-0.10934801,0.065094516,0.10843064
-0.019318778,0.073755756,-0.045714527,-0.07403509,-0.011914798
-0.08605159,0.042416472,-0.123056546,0.036989298,-0.014411885
-0.13767189,0.08592289,-0.13963005,-0.00063732144,-0.021918016
-0.056709543,-0.21295887,0.24473788,-0.13206202,0.027874358
-0.03733576,-0.05609241,0.15203226,-0.14054056,0.20986176
0.06237896,-0.13304561,0.30636308,-0.18726535,0.017404635
0.080725536,-0.063533455,0.26481205,-0.19917154,0.037205655
-0.17854708,-0.0862352,0.20369586,-0.20149286,0.02444403
-0.06590489,-0.05398256,-0.036559813,0.13347892,-0.22396877
-0.21938303,0.12673435,-0.045583844,0.16141999,-0.19597284
-0.093023345,0.05021893,0.08419732,0.0029571706,-0.19240591
0.08857308,0.044414513,-0.050391104,0.14693326,-0.2701927
-0.040405076,0.21035686,-0.23236047,0.16986488,-0.15783253
0.09558557,-0.22646622,-0.013421094,0.20174983,-0.042379618
0.21711949,-0.09335512,0.02885389,0.2756368,-0.24562532
0.13447253,-0.19607863,0.017641205,0.01987382,-0.073908664
0.18051109,-0.3145505,0.070195444,0.12473145,-0.1370286
0.11246835,-0.044224992,0.07499743,0.12259364,-0.17612031
0.114567704,-0.012397774,0.07958512,-0.04586103,0.019708114
0.046435792,-0.15999137,-0.06547024,-0.2169244,0.009841297
-0.19545594,-0.0793084,0.009160544,-0.33993936,-0.3405094
-0.017083608,-0.09428769,-0.13736503,-0.012215676,-0.081490524
-0.014266047,-0.045028027,-0.11265417,0.053676248,0.109484635
-0.1940742,-0.19459291,0.21770199,-0.12989728,-0.3980572
-0.059995275,-0.16036065,0.30587283,-0.02911945,-0.32089064
-0.1833342,-0.13617998,0.119082704,-0.096659504,-0.24244837
-0.2224983,-0.1849348,0.16973963,-0.18663031,-0.32222292
-0.28360298,-0.19869797,0.051790133,-0.0973304,-0.246606
0.067084536,-0.052099418,0.13342059,0.06947652,-0.24573055
0.25308403,0.055672795,0.19898495,0.13116693,-0.050552614
0.12789486,-0.08924917,0.22302766,0.23971891,-0.106293835
0.18167442,-0.12629023,0.089305185,0.026416,-0.013574322
0.22983232,-0.06420825,-0.08350042,-0.043729246,-0.040352564
0.00064325664,0.06728626,0.13193816,0.08679726,-0.25948012
-0.17069691,0.021038575,0.09637535,0.14258814,-0.19602786
-0.092844196,-0.08530096,-0.0027477066,0.24241565,-0.27059996
-0.2742385,-0.1505342,0.12734511,0.058061957,-0.32698438
-0.28095782,-0.15788117,0.07538942,0.20341416,-0.37572995
0.06196323,0.29168484,0.18560599,0.16978775,0.024448995
0.18231604,0.09790437,0.11020989,0.1706554,0.13580757
0.031106269,0.21835677,0.049971282,0.17509897,0.02105646
0.15290667,0.21583684,-0.005756323,0.19303666,0.08612164
0.010923494,0.17574017,0.19933654,0.1742405,-0.0058882106
0.051000584,0.27844918,-0.036895048,0.08342191,0.13903247
0.07468734,0.19310418,-0.12558556,0.17489195,0.2234418
-0.1164203,-0.014493771,0.019851895,0.03745015,0.15420768
0.07937314,0.11742647,-0.01196517,0.14092581,0.015659153
-0.19429864,0.100368805,-0.08218201,0.036309376,0.056385223
0.07826905,0.21926428,0.0039149285,0.16054133,-0.28255716
0.14164932,0.22150993,-0.092230946,0.3302385,-0.15935282
-0.013933243,0.29793516,-0.09059572,0.16607025,-0.060022764
0.018814394,0.20935771,-0.008020301,0.23853306,-0.0444916
0.13409662,0.35554644,0.038816065,0.3245742,-0.1943615
-0.09693415,-0.0025433595,-0.020029137,-0.07165327,0.21309337
0.069074966,0.13241155,0.0065155914,-0.088427626,0.2881596
-0.19760048,0.125999,0.21658467,-0.062763505,0.33885008
-0.051777404,0.11693521,0.080758676,-0.14092146,0.48270726
-0.11728312,-0.009266935,0.074066035,-0.22581278,0.44885242
-0.033089608,0.20588289,-0.11973384,-0.012290128,-0.16391985
0.015404509,-0.07349585,-0.17146187,-0.22954546,-0.09949744
0.063930824,-0.039639328,-0.0065669534,-0.251055,-0.12131494
0.0015203555,0.1866021,-0.17138165,-0.21767344,-0.34686506
0.04700941,0.035730075,-0.035377484,-0.084846444,-0.17812608
-0.032826718,0.058654636,0.19546005,-0.02349626,0.038849887
0.041427035,0.037669297,-0.06258556,-0.14197999,-0.12037314
0.10393282,-0.1206177,-0.075871974,-0.147235,-0.30653784
0.21275933,-0.06274679,0.097034626,-0.026984295,-0.09809282
0.13325094,0.038314804,0.010261639,-0.17340398,-0.24594001
-0.24395932,-0.0957896,-0.14174995,-0.2485848,0.14391229
-0.3102197,-0.13686302,-0.28263602,-0.26693478,0.15605518
-0.20167403,-0.21639802,-0.13668828,-0.32519943,0.13373935
-0.29527962,-0.27280623,-0.15435712,-0.13912813,0.09298455
-0.21637504,-0.1497425,-0.04165921,-0.09485468,0.031762432
0.03202933,-0.15803486,0.07684984,0.047486935,-0.2769692
0.03805324,-0.1547573,-0.23516174,0.20062895,-0.34480485
-0.06848853,-0.2123677,-0.039066587,0.097824246,-0.32906547
0.06828085,-0.18458556,-0.28527346,0.049465854,-0.22775814
0.068212554,-0.123773105,-0.0899125,0.024824915,-0.2151203
0.1852388,0.054274797,0.087069206,0.051291,0.026423195
0.14240977,0.07731522,0.21595062,-0.024898117,0.1461604
0.18310052,0.10355671,0.041153215,0.012550099,-0.15120767
0.022842178,0.20650809,0.14937289,0.039199796,0.1134504
0.11466464,0.17052893,0.14872192,0.009668242,0.025811322
0.23678313,0.121703394,-0.02582487,-0.12973934,-0.08155015
0.20454317,0.15533936,-0.16556588,-0.064392425,-0.2425086
0.0047665695,0.20825653,-0.06547652,-0.13076298,-0.105315
0.20544854,0.26002622,-0.028838418,-0.19944578,-0.1747557
0.04696474,0.14424863,-0.16059794,-0.051549166,-0.24826925
0.0855383,-0.15573673,0.2364849,0.15741186,-0.14102593
0.27151284,0.018968748,0.24058442,-0.039004643,-0.066256166
0.059139855,0.007165843,0.1339142,0.10666202,-0.061421115
0.031822346,-0.21175642,0.17657106,0.046179593,0.011696912
0.18623476,-0.08173404,0.122028165,0.10925487,-0.21091002
-0.015792638,-0.3073896,-0.030247694,0.049622845,0.28746188
0.16928147,-0.14780997,-0.1153017,0.022362249,0.2654692
0.047126636,-0.17299815,-0.042550832,-3.45124e-05,0.30063885
-0.045379035,-0.008673326,-0.05571699,-0.09693101,0.23795214
0.10803269,-0.072887406,0.023986353,0.07335783,0.21999966
0.10231421,-0.23761347,-0.11978906,-0.10090063,-0.19680916
0.04829394,-0.12724054,0.05188621,-0.062574275,-0.14557496
0.10453918,-0.2000677,-0.01856698,0.100110956,-0.24540958
-0.017703073,-0.035092644,0.08826009,-0.05655887,-0.27610952
-0.034526013,-0.1442419,-0.014149486,-0.11117064,-0.17995004
-0.11293021,0.20057714,0.14980398,0.122808754,-0.03396745
-0.04479674,0.21225354,0.13306923,0.39765382,0.07214508
0.043714873,0.23039299,-0.0035048802,0.28091493,-0.042080704
0.08469964,0.21835983,0.18880558,0.28514817,-0.045671564
0.09727108,0.14330345,0.2411918,0.2108392,0.010967631
0.071829624,0.13318731,-0.012184292,-0.05874276,-0.017457029
0.19489707,0.056942374,-0.16378987,-0.18758053,0.029862784
-0.0047228727,-0.08059852,-0.132653,-0.07335245,0.17627159
0.20762584,0.061340272,-0.11904755,-0.11993116,-0.0069030984
0.037744716,0.04715048,-0.15584165,-0.20701142,0.120757826
-0.105310075,0.22721286,-0.009047286,0.004340855,-0.15167886
-0.15798895,0.3653958,-0.010437089,0.09550564,-0.2954203
-0.07215802,0.27241325,0.0069384305,0.039590407,-0.2563575
-0.15477827,0.24481626,0.040897954,0.11748851,-0.3046798
-0.106931806,0.24855669,-0.018182507,0.122373946,-0.47151464
-0.13127266,0.023495438,0.12920673,0.09683123,-0.090055116
0.05187721,0.011402069,-0.0005592775,0.054468337,-0.026303785
0.05610091,0.053414702,-0.02772765,0.14444791,0.024571896
-0.07943396,-0.0064630075,-0.014163043,0.094119824,-0.04112924
-0.00029158377,-0.044019613,0.060640037,-0.08739197,0.07840538
0.010810575,0.21891488,-0.1051803,-0.11801886,0.241201
0.10387113,-0.10388705,-0.21417695,0.021068962,0.1712965
0.1513799,0.06886182,-0.16861475,-0.081010066,0.18250433
0.1662317,0.0912688,0.06532273,-0.06665785,0.24907926
0.018307466,-0.1131842,-0.06322119,-0.10434329,0.17382313
0.087428056,-0.04293878,0.031818982,-0.16439086,-0.10492779
0.048766058,0.1496933,-0.046991285,0.05716045,0.04520318
0.10179015,-0.021671547,-0.06232597,-0.14431176,0.062899105
0.07227701,0.036458053,-0.23553391,-0.019626332,-0.010553448
0.11638141,-0.022835948,0.005450285,-0.09926238,-0.057529576
0.20111655,0.07377052,0.05287714,-0.07738924,-0.26687226
0.11308522,-0.036954757,-0.11011549,0.09742273,-0.16746573
-0.02194467,0.020920185,-0.24772094,0.10443632,-0.16943148
0.013493678,0.12717953,-0.061017327,-0.13188079,-0.08482072
-0.014153038,-0.01079427,-0.08871528,-0.160414,-0.054228283
-0.102903046,0.16931312,-0.07454028,-0.18633083,0.16825166
-0.10033491,-0.09161884,-0.16455892,-0.02154078,0.2296611
-0.077798784,0.055044986,-0.11603203,-0.29199302,0.2562921
-0.08004791,-0.03840966,-0.07053933,-0.22036803,0.13877721
-0.02193198,-0.11478639,-0.1568663,-0.30229336,0.14576909
0.20410863,0.39269084,0.15609848,0.44129434,0.026944669
0.11539019,0.2664206,0.12827322,0.16074546,0.065339595
0.0042481576,0.24608181,0.29604003,0.2812329,0.01627948
0.08913626,0.26212594,0.07525215,0.35277534,-0.030040823
0.030171571,0.30416316,0.22012171,0.37017888,0.046530146
0.13677278,-0.2132689,-0.18247074,-0.09715356,-0.28273836
0.09741441,-0.13366401,-0.026377827,0.06599328,-0.13530438
-0.046481006,0.02260707,-0.1055775,0.0064040264,-0.22850221
0.15073681,-0.12582204,-0.21591316,0.07515201,-0.29894584
0.14439753,-0.17131191,-0.049709667,0.090097405,-0.35421416
-0.08898932,0.21939205,0.052521445,-0.052495345,-0.09339548
-0.06484178,0.27352726,0.11364792,-0.09377354,-0.094159015
0.04863217,0.1952507,-0.11812844,0.04722621,-0.098877154
-0.029290257,0.1844092,0.007927902,-0.04750079,-0.1899578
-0.020994322,0.16568126,0.07556158,-0.035380717,-0.10612657
0.1352839,0.06879908,-0.02515728,-0.035303093,0.038363338
0.10282,0.093746476,0.008992169,-0.017195385,-0.0165717
0.14066584,-0.05267342,0.0084901415,0.13708031,-0.044321552
-0.03184269,-0.0152562205,-0.014929712,0.034150943,0.086959854
0.08751752,-0.071428634,0.07951293,0.17390482,-0.015124667
0.021540673,0.12865825,-0.093560934,-0.007599076,0.27501613
0.12658322,0.06350158,-0.16646792,0.037076667,0.17751169
0.106765956,0.12935235,-0.08768754,-0.14309356,0.31807855
0.028884348,0.08420034,-0.1943434,-0.052751202,0.14202668
0.13558383,0.04189965,-0.099612564,-0.19452813,0.16169187
0.007926863,0.17365502,0.30127966,0.11435832,0.16223535
-0.08083046,0.0021570085,0.14333795,0.22609892,0.22050984
0.021829467,-0.10748786,-0.045900773,0.12121009,0.3261886
0.035689417,0.24277987,0.0014724687,-0.009485567,0.08993402
-0.14628306,0.107804134,0.14677793,0.109890714,0.24914461
0.12012227,-0.0923255,-0.07244724,0.02705979,-0.014468585
-0.00532474,0.15572949,0.03546153,-0.06750251,0.028374406
0.085060045,-0.026290078,-0.08957469,0.15892085,0.1451628
-0.107881516,-0.0010935226,-0.14450929,-0.060781144,-0.08339403
0.12342885,0.053077836,-0.031861585,-0.0061614816,-0.0458735
-0.057404,-0.018890427,0.023348415,-0.04231831,0.05577776
0.15046008,0.017023267,-0.022760905,0.06297382,-0.1510842
0.1608643,0.010616594,-0.11996376,-0.24919435,-0.3486983
-0.046029802,-0.029637769,0.0320818,-0.10941329,-0.16427095
-0.0057751425,0.016966103,0.049406428,-0.21737075,0.026531082
-0.023490747,0.0052405205,-0.008177703,0.13770835,-0.25731975
-0.232186,0.12046991,-0.007571689,-0.04714919,-0.14350061
-0.13993779,-0.12523527,-0.08671024,0.06471567,-0.20733543
-0.1685123,0.099143095,0.036671,0.010087564,-0.3140231
-0.022439247,0.113744274,-0.12693262,-0.019460147,-0.3170687
0.13434239,0.08643511,-0.16840605,0.2111888,-0.12902823
-0.031674463,-0.14047575,-0.10151186,-0.017608933,-0.04723434
-0.06764195,-0.07054762,-0.32977116,0.26180604,-0.14725778
0.00015746134,0.050988354,-0.082481585,0.118469745,-0.1711308
0.042082846,0.06533801,-0.19571899,0.11758282,-0.015305964
0.0693072,0.06733487,-0.15851821,0.37112287,-0.2352957
0.16959189,0.09152988,-0.12097657,0.31392,-0.46292815
0.023901641,0.1793852,-0.23380725,0.27009544,-0.4211066
0.028779993,0.30465183,-0.25039595,0.22968054,-0.38697648
0.055674892,0.28018662,-0.047251202,0.3342663,-0.30010238
0.16275856,0.1560045,-0.016415581,-0.013111727,0.023245996
-0.077378914,0.2125243,-0.011850093,0.008596814,0.24138832
-0.09483298,0.22245958,0.1446737,-0.109409615,0.14691254
-0.07069477,0.06112511,-0.044104952,0.0004004386,0.08313544
-0.14325781,0.22693567,-0.0110646915,-0.1261527,0.08679504
0.18775204,-0.03154879,-0.050089024,-0.11670581,-0.033509158
0.06877663,-0.10632551,0.0038411762,-0.05875493,-0.021156402
0.16173792,0.00088814227,0.05984978,-0.051341213,-0.030253818
0.029653281,0.010801813,0.14604688,-0.042193986,0.096820325
0.08893005,-0.14355782,0.11681958,-0.058667373,-0.01167774
0.11570848,-0.20711914,0.10330404,-0.36143482,-0.08767165
0.10777444,-0.44666132,0.113025166,-0.2741386,0.049569875
0.116277345,-0.4185335,0.1646341,-0.38133386,0.0011680797
-0.046539094,-0.38620576,0.08612341,-0.432802,-0.12344803
0.08119847,-0.42558286,0.10620998,-0.36643782,-0.06590207
0.08409906,-0.37385914,0.13673526,0.085281394,-0.044274207
0.19635697,-0.26915595,-0.09336957,0.061021898,-0.25359198
0.1535845,-0.43896607,-0.0027227076,0.029698256,-0.06465725
0.11723401,-0.40583286,0.19352712,0.123786695,-0.3068152
0.16566628,-0.32258794,0.17069326,0.17879899,-0.15704526
-0.1803515,-0.04943781,-0.18123905,-0.1734649,-0.28780693
0.11784739,-0.09840171,-0.14644152,-0.08949415,-0.11838087
0.0935625,-0.100298434,-0.04688488,-0.25718418,-0.29036975
0.13233428,-0.16356598,-0.09760694,-0.12399428,-0.2831241
0.14212072,0.019888157,-0.22911961,-0.11798567,-0.24857007
0.15152119,0.046585027,-0.07327422,0.08816369,0.0061860518
0.16023172,-0.09025208,-0.06674594,0.14158814,0.015571984
0.29953513,0.058392037,0.00036133302,0.18642913,-0.16841109
0.14393097,-0.17899531,-0.041371856,-0.03827241,0.030312162
0.098134145,-0.08785694,0.102200836,0.2115689,0.025089802
-0.13060206,-0.051242676,-0.042665508,-0.40575516,0.3953647
-0.08237071,-0.18882863,-0.076636024,-0.40652516,0.5376362
-0.07270368,-0.10833258,-0.13854015,-0.41999587,0.42283043
-0.13411377,-0.31052813,-0.14311783,-0.39046097,0.52623755
-0.008498395,-0.33188167,-0.1752785,-0.40600505,0.41472244
-0.015800074,-0.0022518365,-0.15077241,0.068415724,-0.1521165
-0.0005178912,-0.18116114,-0.24084051,0.117516816,-0.12510492
-0.14250979,0.0472527,-0.20067914,0.07321543,-0.09110865
-0.071388215,-0.058889307,-0.14112318,0.14651151,-0.15544851
-0.07667532,0.0215582,-0.27844664,0.13648847,-0.1034456
-0.08479293,-0.22580723,0.0175051,-0.10616382,0.08667887
0.08777952,-0.15548657,0.26673317,-0.263725,0.18868506
0.101879954,-0.06397826,0.22382465,0.0039443774,0.042462878
0.096855246,-0.048185915,0.19264527,-0.17859504,0.14344108
0.0025758604,-0.080916315,0.13721271,-0.14265722,0.06600501
-0.017881017,-0.3084855,0.25786924,-0.19023624,-0.10814146
-0.06155556,-0.3072298,0.29028615,-0.01700823,-0.27210554
-0.008594665,-0.1174725,0.118741445,0.04258257,-0.20131366
-0.02800961,-0.14771748,0.16740464,-0.08228614,-0.25724983
0.008727105,-0.2983048,0.18454017,-0.049748544,-0.13579082
-0.1128748,0.058408376,0.011855374,0.06552214,-0.030621905
-0.04357115,0.028173994,0.0041071656,-0.021749087,-0.20956782
-0.031489085,0.077127546,-0.13161318,0.057103023,0.08280211
-0.1652664,0.039509635,-0.08207037,0.11098685,-0.056675334
0.008295098,0.06829559,-0.24228886,-0.051221438,-0.19047695
0.3490689,-0.27686253,-0.26699775,0.32685953,-0.3042438
0.13696443,-0.19387183,-0.18603736,0.042315885,-0.32153407
0.2625644,-0.25448585,-0.20265071,0.23940794,-0.3304348
0.23112467,-0.20706238,-0.11535075,0.1586986,-0.07815374
0.30625737,-0.20584911,-0.11409433,0.1042644,-0.36041462
-0.20652056,0.02263732,-0.2758664,-0.3215211,-0.041631155
-0.0999967,0.07684192,-0.2498006,-0.061197262,-0.03465912
-0.15398699,-0.007700401,-0.11919384,-0.072576374,-0.0765051
-0.16829348,-0.010496996,-0.10720475,-0.049213495,0.19132283
-0.28155774,0.13470325,-0.017985534,-0.01228801,0.14133024
-0.0864295,0.124746054,-0.20717902,0.06888555,0.03048185
0.07316996,0.110683165,-0.21232496,0.12574995,-0.13036138
-0.15740243,-0.09553708,-0.13558802,0.20907018,-0.1677224
-0.09909897,0.16240796,-0.14839125,0.13918084,-0.20731348
-0.109285325,0.16583554,-0.22437306,0.190613,-0.08534781
-0.038831268,-0.054790772,0.068653725,0.13801977,-0.1330066
-0.026238307,-0.085166536,0.14167814,0.10586002,-0.18127126
0.07225744,-0.22281416,0.06419779,0.023237517,-0.29956067
-0.012553318,-0.048863534,0.046155296,-0.015036252,-0.26789021
0.02528857,-0.05972007,0.085240476,0.08467019,-0.062155362
-0.14555977,0.3878528,0.007318505,0.0068564904,-0.11045158
-0.08322936,0.35999784,-0.026148647,0.09667527,-0.09864838
0.111236885,0.19966118,0.005069165,0.19237533,-0.16156398
-0.09271122,0.32012975,0.10313114,-0.10774716,-0.021196097
-0.06042654,0.38156292,0.13590866,0.008980615,-0.027213613
-0.018858962,-0.22596388,0.26629707,-0.12408806,0.05112297
-0.08458642,-0.10697419,0.1192302,-0.06482388,-0.17391302
0.10413905,-0.23268807,0.15005812,0.08976185,-0.19415623
0.15302218,-0.229517,0.29617107,-0.03970269,-0.09436574
-0.03445927,-0.16316584,0.1951018,-0.045291558,-0.1969569
0.100994594,-0.07556514,-0.074399024,-0.05542427,-0.2639989
-0.016107202,0.07784098,0.17023209,-0.021895448,-0.32195112
0.08189344,-0.15425318,-0.019776978,-0.07762617,-0.06651546
0.068958,-0.26433203,0.17031178,-0.007052121,-0.21114323
0.17346135,0.048254162,0.11426328,0.056382727,-0.11679065
-0.14805633,0.09800206,-0.058798958,-0.053410895,0.15570913
0.122331314,-0.16862053,-0.17839293,-0.2581801,0.2330007
-0.21130042,-0.123803,-0.1130592,-0.29693758,0.2508691
-0.25947323,-0.055771016,-0.10005008,-0.06433894,0.24063326
-0.17993431,-0.009499023,-0.15243143,-0.012443885,0.17018574
-0.12534525,-0.049428087,-0.07671184,-0.052487154,0.033620898
-0.16413575,0.02591749,-0.15150382,0.03455428,0.011110727
-0.021855613,-0.071694486,0.0032550648,-0.05497224,-0.029283805
-0.09009567,-0.1724715,0.076841034,0.019051686,-0.0041604685
0.19817661,-0.13711496,0.098043695,-0.016188985,-0.16530032
0.04469575,-0.18849874,0.08629745,0.1848366,-0.26354006
0.09652501,-0.06485634,-0.08235724,0.23793231,-0.18158942
-0.057939682,-0.21771993,0.13613209,0.13706249,-0.16104957
0.05224472,-0.030535163,-0.10027414,0.029019453,-0.37639588
0.06876654,-0.14883316,0.049993206,0.12033188,-0.22934371
0.032551266,0.018462997,-0.30062294,-0.03910399,-0.19091979
-0.10287453,0.02516197,-0.19308214,0.050503556,-0.09126405
-0.019820582,0.01535944,-0.3855748,0.19476214,-0.13333006
0.027638301,0.19906108,-0.12823085,0.11468165,-0.13169618
-0.07154456,0.14768274,-0.23031648,0.017548343,-0.00033814966
-0.07724997,0.027970036,-0.3194928,0.0754412,-0.11058735
-0.1434897,0.07591793,-0.19495456,0.19007495,-0.10130858
-0.2028881,-0.0044782157,-0.33264747,0.0926829,0.07074891
-0.025445303,-0.05081823,-0.32538834,0.070137314,-0.09685436
-0.04306831,0.034661666,-0.21083581,0.043697186,0.0089703845
-0.044646114,-0.39519235,0.23365732,0.3579842,-0.014328648
0.066221684,-0.5096072,-0.019443477,0.06501815,-0.03460148
0.020114098,-0.53431904,0.13874461,0.250243,0.025049843
0.16405189,-0.4246565,-0.036305062,0.091123626,-0.10626707
-0.011804616,-0.46969348,0.23896278,0.16223738,-0.116376705
0.10074344,-0.27080628,0.16948389,-0.014712522,-0.10422363
0.014380193,-0.14528531,0.13605636,0.017009899,-0.010781346
0.07437402,-0.24178171,0.0490519,0.021770686,0.101298735
-0.023912216,-4.3090564e-05,0.1386257,0.08673594,-0.024882808
0.0719571,-0.063985355,0.023864161,0.100989,-0.010515209
0.02888481,-0.09673893,0.09314331,-0.2504047,0.01354639
0.030150421,-0.03717821,0.06671358,-0.08165896,-0.098684594
-0.009910608,0.060141135,0.0076760375,-0.03236706,0.008441913
0.009242457,0.0734865,0.1288555,-0.22702305,0.15097274
-0.07762089,-0.12901238,0.076529235,-0.11114738,0.034956582
-0.044248063,-0.0057458305,0.07963581,-0.11263976,-0.047785483
-0.050450377,-0.0915157,0.16538289,-0.118518256,0.16605902
-0.005704928,0.056738064,0.12248369,-0.025488539,0.060855977
0.10724765,-0.077513404,-0.0021432322,-0.11374695,0.060081854
-0.04884101,0.090682484,0.010300498,0.046021845,0.049956698
-0.16390973,0.056191675,-0.08141406,-0.20618431,0.037991725
-0.14258756,0.20281768,-0.06727134,-0.26662022,0.20248249
-0.060680103,0.03648989,-0.10470295,-0.16365057,0.07540687
-0.26177993,0.025532095,-0.061366074,-0.10309834,0.18914194
-0.09845919,0.083019674,-0.0910842,-0.24278186,-0.0066718413
0.03724427,-0.1121386,-0.08328336,-0.082014844,-0.07459835
-0.13302308,0.018123405,-0.16301231,-0.11913307,-0.047228344
-0.046016056,0.09532634,-0.03381827,-0.2615549,-0.21340214
0.09060352,-0.06552586,0.04609169,-0.028063545,-0.23752536
0.013866111,-0.02647133,0.034897484,-0.0608823,-0.09759348
0.14279628,-0.0035093958,-0.1310438,0.2816446,-0.30197984
0.016372506,0.25669768,-0.0870165,0.26880583,-0.30951816
0.23483993,0.0045877774,0.037655126,0.22473274,-0.18774675
0.12684932,0.26315758,-0.23451446,0.37752834,-0.31715596
-0.012738732,0.28570965,-0.014892408,0.28004542,-0.15839061
-0.26537988,-0.3968549,-0.488989,-0.28385216,-0.30984464
-0.45547298,-0.29685915,-0.3481599,-0.2659794,-0.35431
-0.6418186,-0.57451415,-0.44262004,-0.37973037,-0.32769206
-0.4119938,-0.487996,-0.45347148,-0.22802304,-0.3885428
-0.6145352,-0.5368562,-0.37637088,-0.18109079,-0.43949506
-0.3440866,-0.6238668,-0.42161828,-0.40209836,-0.3842824
-0.38454762,-0.61267924,-0.5145934,-0.15933098,-0.48176584
-0.56900096,-0.44633207,-0.4936874,-0.3500656,-0.7329881
-0.41126445,-0.49854434,-0.53536695,-0.36303297,-0.5173027
-0.3646308,-0.18660252,-0.37875548,-0.335267,-0.4967835
-0.60799974,-0.48951557,-0.48913547,-0.50811106,-0.27983844
-0.4487445,-0.44305784,-0.447843,-0.18273275,-0.51001716
-0.6911838,-0.38186532,-0.4424238,-0.3254322,-0.18573283
-0.4429207,-0.41981983,-0.38253862,-0.32752645,-0.4655345
-0.5752633,-0.5402156,-0.63310844,-0.35947636,-0.40274957
-0.3437073,-0.5073947,-0.3423468,-0.49623656,-0.30769867
-0.4910486,-0.28098378,-0.35849455,-0.34490556,-0.51561904
-0.48029277,-0.3476107,-0.25665006,-0.44065624,-0.36377883
-0.5119269,-0.38571584,-0.36182597,-0.32056043,-0.3837787
-0.61812466,-0.36701974,-0.28023788,-0.4073582,-0.34655237
-0.51457995,-0.30297843,-0.44083768,-0.6310173,-0.43481565
-0.5757344,-0.43376687,-0.380491,-0.41446865,-0.21624841
-0.59246093,-0.3720071,-0.4413907,-0.51733524,-0.17510405
-0.79825836,-0.5516746,-0.47949106,-0.25628358,-0.29165795
-0.5489417,-0.44038486,-0.28406125,-0.43785554,-0.35516137
-0.40708625,-0.5207659,-0.72727245,-0.6339541,-0.55502033
-0.66115105,-0.52254695,-0.6268358,-0.6198361,-0.61175454
-0.5248572,-0.6460141,-0.6081107,-0.66651756,-0.6691749
-0.5897995,-0.60373014,-0.62062204,-0.5497258,-0.4204112
-0.41119057,-0.42460907,-0.43771106,-0.37712607,-0.5830159
0.42234722,0.43003112,0.5567893,0.5718872,0.56632733
0.5757994,0.42300084,0.5497259,0.49562976,0.49227786
0.31789082,0.41402182,0.52097577,0.38685453,0.4682901
0.4570239,0.40480068,0.3635127,0.4742152,0.6199111
0.377853,0.27500865,0.50873464,0.51565146,0.4795808
0.70182496,0.60727376,0.5124241,0.69012845,0.706496
0.6174777,0.71382695,0.6554814,0.56956965,0.6107423
0.72242475,0.54265434,0.58102864,0.5155946,0.63774616
0.65478384,0.5707933,0.6888173,0.758465,0.62069213
0.81980777,0.8183739,0.5502045,0.5771749,0.7203239
0.3044292,0.31631592,0.07482073,-0.050784945,0.14864337
0.29495543,0.251332,0.19966555,0.15577808,-0.05918476
0.2347931,-0.11605743,0.10106751,0.010116393,0.20502767
0.0137724355,-0.06549317,0.044347987,-0.053350583,0.23871137
0.36662185,-0.073923305,0.025876943,-0.04105715,-0.12450049
0.10959118,-0.2826352,-0.30970567,-0.032519422,0.025968133
0.039753996,-0.20083503,-0.23036392,-0.21674848,0.17817849
-0.013146348,-0.14909431,-0.38032556,-0.052104346,-0.3004499
-0.10010148,-0.10735342,-0.1716933,-0.081047416,-0.22881359
-0.04515065,-0.30070525,-0.13624315,-0.19081399,-0.1657242
-0.3646639,-0.6034115,-0.20202425,-0.38407642,-0.13966808
-0.34094748,-0.3987237,-0.080560245,-0.33232868,0.03425881
-0.45118058,-0.5318181,-0.23461701,-0.275912,0.084512316
-0.4124762,-0.3417683,-0.31344602,-0.40501755,0.11002355
-0.4299588,-0.37597862,-0.34470055,-0.5708829,0.14829414
-0.5255664,-0.35179105,-0.35380834,-0.4680262,-0.27564475
-0.6541984,-0.27159142,-0.2799865,-0.44416744,-0.09388199
-0.42885324,-0.38664922,-0.26274887,-0.33203557,-0.29897028
-0.6873271,-0.19987781,-0.32231367,-0.46316868,-0.23580542
-0.45700926,-0.13553873,-0.36346957,-0.46021563,-0.20388384
-0.3074316,-0.31189924,-0.29173982,-0.3017386,-0.25332862
-0.3711839,-0.20247245,-0.4689474,-0.23043558,-0.45678055
-0.48661652,-0.40331137,-0.39110935,-0.3063038,-0.4909546
-0.38589528,-0.33799255,-0.27144456,-0.2921578,-0.5816931
-0.42988077,-0.43306667,-0.2106143,-0.39168793,-0.45985225
-0.31777856,-0.32872146,-0.39500818,-0.3036976,-0.3678853
-0.1811696,-0.3922552,-0.33454886,-0.42013058,-0.55237997
-0.3348907,-0.33683032,-0.4819434,-0.51948935,-0.47083905
-0.37202585,-0.35153845,-0.41950652,-0.44809824,-0.49692872
-0.3873188,-0.57228327,-0.5063454,-0.44633237,-0.5445545
-0.23907205,-0.14188282,-0.042793684,-0.23619534,-0.016035728
-0.17780504,0.06962402,0.16476347,-0.011179419,-0.07771265
-0.23858401,0.1623205,-0.019624509,-0.042864602,-0.08191792
-0.22277656,0.12582755,0.014952437,-0.03403139,-0.07206164
-0.04591626,0.20197482,0.15490796,-0.0779908,-0.043033447
-0.13613254,-0.21650468,-0.18201002,-0.449066,-0.14980045
-0.18993059,-0.2317851,-0.15307964,-0.28992215,-0.0070018726
-0.2992242,-0.3886919,-0.299708,-0.29829034,-0.28544876
-0.16348253,-0.054390915,-0.36154795,-0.15634345,-0.11211837
-0.19789235,-0.12188433,-0.2935985,-0.28299606,0.077000946
0.6463471,0.7183034,0.5514028,0.5220944,0.5565227
0.6205703,0.6174719,0.56663376,0.5012157,0.8475044
0.59669423,0.5517665,0.41683525,0.5804952,0.825823
0.68931293,0.7721074,0.303814,0.5034635,0.75316894
0.6185337,0.6128968,0.5590355,0.8029228,0.63048255
0.19252683,0.32450143,0.18873382,0.41336235,0.09684085
-0.22496231,-0.000767216,0.019600743,0.35885027,0.012407057
-0.3640611,0.08257083,-0.09178332,0.23479633,-0.008022163
-0.40187258,-0.058767956,-0.035560388,0.22861859,-0.16199207
-0.27258998,0.101337224,0.077634186,0.04409662,-0.17103776
0.075281076,0.29020324,0.17885736,0.050513964,0.36302426
0.19305323,0.23366438,-0.0026717456,0.2801808,0.086931095
0.16418722,0.21967658,0.08784362,0.36815262,0.37834498
0.08514349,0.20619276,0.15735227,0.22381811,0.3153626
0.25088215,0.15676357,0.1473852,0.1797222,0.026426189
0.6450443,0.47780988,0.41403317,0.25316402,0.5520772
0.5939477,0.3777646,0.39413285,0.28006464,0.54209477
0.4893716,0.40936765,0.17542318,0.5690211,0.48067668
0.4583603,0.62528056,0.20718725,0.2834203,0.43932015
0.473462,0.521084,0.2816163,0.5396012,0.4881816
0.5562884,0.48922482,0.48122388,0.5991955,0.4176673
0.6636462,0.6421244,0.4940449,0.74475336,0.67341006
0.59021306,0.6690556,0.5123465,0.60056674,0.624975
0.67921954,0.6878974,0.47337443,0.68060035,0.52530324
0.8058035,0.5472866,0.6736571,0.65973085,0.5593976
0.6517752,0.6187126,0.42525327,0.37983105,0.6156451
0.6664369,0.5392278,0.46118256,0.57443476,0.47492528
0.6913007,0.63411653,0.43915987,0.59818006,0.7137225
0.6698366,0.5260902,0.49557862,0.68853796,0.6135652
0.73279226,0.62253916,0.64821905,0.5552234,0.6901898
0.26698253,0.38325435,0.17992583,0.22425981,0.45083976
0.37750387,0.32092386,0.2582626,0.21365069,0.4293587
0.26030403,0.32972193,0.2689412,0.16122824,0.21033643
0.4571463,0.34389004,0.061192535,0.19650564,0.24284634
0.25379273,0.32969487,0.14041072,0.23422098,0.24853455
-0.11991603,-0.12866859,-0.26211613,-0.21145609,-0.12797634
-0.008697819,-0.2459533,-0.43912604,-0.28336632,-0.14065239
-0.28821102,-0.22281338,-0.50518006,-0.41946077,-0.11328308
-0.3040105,-0.182603,-0.4057165,-0.42782077,-0.06734886
-0.33477595,-0.3775955,-0.1641725,-0.2480462,0.08037395
-0.014435023,-0.06354057,-0.22437322,0.073046945,-0.17136782
-0.010818301,-0.14097954,-0.31514475,0.11896808,-0.12537545
-0.048582684,0.08762876,-0.20170301,0.08217295,-0.04571215
0.08814598,-0.15336548,-0.4538551,-0.11508725,-0.027315708
0.27815068,-0.24644169,-0.37951422,-0.08066506,-0.23607105
-0.58137184,-0.7019271,-0.55153894,-0.53008586,-0.29368535
-0.65011764,-0.6398891,-0.6550162,-0.50017977,-0.22158194
-0.51968485,-0.63779575,-0.6373701,-0.3934108,-0.36937162
-0.5785244,-0.7804918,-0.62412554,-0.584656,-0.5150794
-0.38199967,-0.602492,-0.3115734,-0.52237874,-0.36677298
-0.4473797,-0.31247658,-0.21007913,-0.39337313,-0.22156532
-0.366256,-0.35423815,-0.26666087,-0.46567908,-0.12775308
-0.5070689,-0.42493564,-0.24817424,-0.30486166,-0.14130855
-0.28759593,-0.28112054,-0.2822976,-0.21603034,-0.34078047
-0.45870236,-0.44179356,-0.33223164,-0.16870429,-0.17782193
-0.0059296186,-0.08802471,0.052767806,-0.15282618,-0.16358018
0.024140766,-0.047276776,-0.08538045,-0.12476702,-0.13236621
-0.07848401,-0.036748316,0.08225054,-0.15769678,-0.009391806
-0.20891677,0.0043761213,-0.36720198,-0.043093856,0.11667808
0.022776997,-0.108395286,-0.16989766,0.04705164,-0.18512243
-0.63726693,-0.56462616,-0.41973552,-0.46797654,-0.40529457
-0.53878397,-0.5075407,-0.32608786,-0.20901443,-0.14755803
-0.59412855,-0.34884003,-0.2183245,-0.5630806,-0.50659287
-0.4397257,-0.5136929,-0.4016432,-0.5239476,-0.2958234
-0.5086991,-0.36338085,-0.34779304,-0.5846053,-0.42580214
-0.24218065,0.08691941,0.11017946,0.18503311,0.15599972
0.021159137,-0.14397049,0.09483383,-0.030314367,-0.092393704
-0.24473262,-0.13838388,-0.02933607,0.0021515307,0.09742039
-0.075708225,-0.0824426,-0.08523507,-0.090250336,0.12809929
-0.10086332,0.07544326,-0.010774664,0.050387226,-0.100659505
0.6584459,0.5413038,0.49442837,0.6523638,0.5279634
0.7618745,0.5274362,0.5888437,0.71584326,0.7649081
0.57318276,0.6195178,0.65840495,0.71578383,0.74168664
0.5611574,0.4562912,0.56115055,0.71155494,0.83051795
0.58409005,0.4630775,0.7328475,0.5691322,0.7134655
0.37660715,0.049538065,0.27052698,0.28443643,0.14514126
0.36207223,0.22753918,0.1331954,0.29525185,0.17260838
0.4686193,0.15890615,0.25813296,0.15243107,0.14681298
0.37760255,0.1689235,0.24330951,0.3051709,0.29718992
0.35719964,0.3214393,0.23863082,0.2509202,0.35857213
0.38911554,-0.28942725,-0.10467613,0.3323994,-0.58683103
0.28639024,-0.41067874,-0.10239235,0.20298813,-0.43510962
0.31738847,-0.32809594,-0.22294436,0.26762387,-0.4600842
0.25585857,-0.4955759,-0.28612176,0.37624544,-0.3230868
0.4068162,-0.53293097,-0.25223473,0.38265762,-0.50233203
-0.24856748,-0.37513843,0.27579233,-0.18697396,-0.30042374
-0.25409344,-0.31649694,0.37428722,0.010642387,-0.4130664
-0.36466643,-0.15828067,0.27846935,-0.04901822,-0.4152767
-0.3006493,-0.17815101,0.47348753,-0.080991104,-0.26651537
-0.18866646,-0.07841065,0.3553641,-0.05047773,-0.36900318
0.17236015,-0.32118782,-0.20189406,0.31810567,-0.3169003
0.28429973,-0.22842926,-0.1504158,0.27966908,-0.32775992
0.17914991,-0.40552473,-0.12100116,0.17027465,-0.2171145
0.23649281,-0.31253776,-0.20323214,0.35487762,-0.19279511
0.09286376,-0.48851106,-0.091419615,0.19733949,-0.29827
0.30052596,0.124394976,-0.31551957,0.40272132,-0.18696679
0.4772001,0.03913361,-0.4319262,0.36944258,-0.09386686
0.27051124,0.084829114,-0.40531686,0.29398927,-0.24593487
0.5042636,0.116538614,-0.40168145,0.12341081,-0.05303959
0.29859692,0.14513604,-0.42821822,0.5102289,-0.07427292
0.0111729065,-0.6002334,0.084741786,-0.14228956,0.09108917
0.022364883,-0.40439874,0.08551388,-0.06562959,-0.017715096
-0.092118405,-0.3719218,0.050347764,-0.040146124,0.05515138
-0.03318298,-0.46730542,0.00034335055,-0.12707414,-0.07012573
-0.14488226,-0.42395937,-0.038272884,-0.007432164,0.15931058
-0.38480377,-0.46103317,0.3129786,-0.3429461,-0.26518986
-0.22099492,-0.41240904,0.23689707,-0.24246472,-0.23024383
-0.31796443,-0.5790192,0.4455133,-0.19606087,-0.16089408
-0.16387418,-0.43481663,0.18548737,-0.25915048,-0.09800737
-0.4272678,-0.35771623,0.33297718,-0.25550082,-0.22339267
0.45057228,-0.35009038,-0.18413727,-0.17718646,0.13816611
0.2530106,-0.5036913,-0.18030177,-0.22732732,-0.01995237
0.26066053,-0.57614523,-0.22578976,-0.14596424,-0.10688282
0.44093156,-0.5428578,-0.12387334,-0.038729325,-0.09976743
0.22411665,-0.49330866,-0.08073498,-0.17393076,-0.032870807
-0.25220287,0.17460416,0.13199227,-0.22094402,-0.123207465
-0.28101653,0.08122594,0.21712185,-0.3527744,0.0791731
-0.3429572,0.10625093,0.24994028,-0.408452,-0.15407282
-0.29118496,-0.009910587,0.12168807,-0.14620392,-0.02261254
-0.10239593,-0.00066293083,0.026262766,-0.14753966,0.0623712
0.049997974,-0.09057524,0.036306776,-0.8537717,0.35764408
-0.0386546,-0.18433885,-0.013078499,-0.76469976,0.49232423
-0.031525884,-0.12392799,0.123755075,-0.6882519,0.36437052
-0.1816651,0.030361041,-0.024222167,-0.7512682,0.48864052
0.10934257,-0.037652314,0.10699405,-0.65142685,0.3067624
-0.19930452,0.28478765,-0.07169412,-0.27849615,0.2520663
-0.25459436,0.32991406,-0.02020575,-0.17737782,0.17501472
-0.28571415,0.29071942,-0.02696467,-0.20766819,0.14086361
-0.20261306,0.3912795,-0.21588214,-0.099041484,0.13518992
-0.38920504,0.26052383,0.0002184141,-0.29241776,0.19585182
-0.033743113,0.41808048,-0.25637868,0.19906141,-0.2078268
-0.14067093,0.31399992,-0.317882,0.2606102,-0.15187578
-0.2183009,0.18711603,-0.31366467,0.19839558,-0.050730105
-0.16988313,0.26645532,-0.37640852,0.25624254,-0.010231937
-0.03548709,0.3251661,-0.3063647,0.30316234,-0.1095117
-0.25858116,-0.5190665,0.3421447,-0.13595957,-0.16650301
-0.23497319,-0.40367183,0.41935557,-0.31860453,-0.10229733
-0.27203092,-0.5866307,0.38250822,-0.07527541,-0.22688848
-0.2143945,-0.36341792,0.2857163,-0.20487706,-0.28362405
-0.13079014,-0.20993292,0.35194993,-0.3934345,-0.16733131
0.27165514,-0.5111515,-0.23653509,0.47869506,-0.5190528
0.30166954,-0.5036457,-0.25477394,0.2614015,-0.5175217
0.4409531,-0.53824997,-0.26759234,0.19632763,-0.5339599
0.3430184,-0.4112658,-0.17291585,0.40613106,-0.3970096
0.2943188,-0.3309844,-0.30665043,0.31002143,-0.33383194
-0.3003002,0.37700477,-0.14680918,0.019453201,-0.48925102
-0.24922888,0.32320225,-0.19198328,-0.029907182,-0.36637786
-0.17547715,0.31579742,-0.34715542,-0.03320624,-0.36665893
-0.29657722,0.38927448,-0.18235211,0.079685576,-0.3765421
-0.24016201,0.33683652,-0.0057863137,-0.11319831,-0.29416552
-0.38718826,0.0535895,0.38995838,-0.3262714,-0.059923965
-0.39511892,0.051746063,0.42231286,-0.40475136,0.034825042
-0.3077335,0.06955074,0.3794507,-0.32301095,0.017990269
-0.5545856,0.087560415,0.17835721,-0.28807274,-0.033923
-0.25349617,0.055902347,0.25470805,-0.2758186,0.06667045
-0.4565722,-0.078813344,-0.0893667,0.19054826,-0.15509163
-0.33997563,-0.04743054,-0.07265833,-0.022913685,-0.0789834
-0.46175167,0.17897117,-0.11306963,0.074116,-0.1762541
-0.43464464,-0.04195963,-0.20289561,0.10638604,0.03543182
-0.4207149,-0.085482895,-0.2967798,0.13705975,-0.30205688
-0.27174684,-0.22277842,0.24228078,-0.1924428,-0.084382445
0.022474397,-0.2429697,0.21091448,-0.27221286,-0.0790804
-0.14461942,-0.2785756,0.28451768,-0.064593464,-0.10513075
-0.22901057,-0.16672215,0.27260548,-0.14728169,-0.11908596
0.021919882,-0.119541615,0.14143188,-0.19564258,-0.12845382
0.2758448,-0.33118647,0.008011333,0.0099300975,0.24305223
0.21949758,-0.3458402,0.10048827,-0.10458583,0.3342846
0.23920704,-0.35696906,-0.08418349,-0.08377548,0.303063
0.14983249,-0.29972053,-0.013925866,-0.048179094,0.2541243
0.10663629,-0.31038415,-0.03694593,-0.21905236,0.26055586
0.1654237,0.14987509,-0.28190014,0.14615586,-0.0071498635
0.09669582,0.11892378,-0.23380892,0.09877506,0.16331853
0.15175678,0.20041756,-0.34955487,-0.05764388,0.12836008
0.111461796,0.24863094,-0.43976125,0.0120478785,0.20644356
-0.022857534,0.37277523,-0.32542703,-0.09406728,0.27170187
-0.34899315,-0.29624265,0.2660457,-0.13234343,-0.2532801
-0.35376173,-0.33887216,0.1565336,-0.13943331,-0.15007797
-0.18201916,-0.25455242,0.20191889,-0.16560605,-0.16225955
-0.18962696,-0.3104736,0.36082205,-0.30850872,-0.1572969
-0.3265329,-0.20458317,0.35457078,-0.09342444,-0.29733646
0.10192775,-0.06838006,-0.055988397,-0.10462259,0.16846488
0.022667114,-0.11500602,-0.039082285,-0.17870244,0.08121235
-0.09488867,-0.32163942,-0.11911039,-0.26091766,0.29133123
-0.0429891,-0.029783297,-0.052041374,-0.20160566,0.120012656
-0.12602694,0.092987575,-0.019446112,0.013486297,0.1864702
-0.013784541,-0.21033794,0.2889115,-0.08726311,0.13016526
0.09165852,-0.16632639,0.24256553,-0.1398182,0.07039893
-0.08275359,-0.4120346,0.16998176,-0.22014932,0.025992101
-0.19456561,-0.21675856,0.13359892,-0.16734137,-0.16615218
-0.19773383,-0.091275275,0.27871832,0.024549909,-0.039537773
-0.3103335,-0.27819702,0.25263715,-0.18326159,-0.24918248
-0.33626646,-0.25735298,0.34542948,-0.17813674,-0.3569024
-0.22073084,-0.25153998,0.22554632,-0.2203097,-0.33125046
-0.27387545,-0.3343624,0.26817304,-0.09310384,-0.21684213
-0.22814345,-0.1702416,0.3022154,-0.34919825,-0.11279766
-0.32546785,-0.09613072,0.16444372,0.05530186,-0.035402745
-0.4915699,0.1213217,-0.031734295,0.036552798,-0.2308479
-0.6549464,0.18777983,0.036743514,0.053995162,-0.18252355
-0.41405267,0.053989153,0.09535792,0.10774613,-0.26548022
-0.52790236,-0.10514039,0.2527509,0.028044958,-0.19930251
-0.4687377,0.27100328,-0.015342172,-0.2429127,0.2038031
-0.37990803,0.23208505,0.10003698,-0.33496946,-0.007922247
-0.3955058,0.33075297,-0.07369319,-0.39918938,0.12591748
-0.51803684,0.31588662,0.02135429,-0.20093301,0.05567716
-0.33197188,0.32782492,-0.09071035,-0.16899043,0.20537806
0.010976001,-0.5219395,0.32632634,-0.26819313,-0.12039198
-0.030149812,-0.56318784,0.46045268,-0.30089352,-0.07875902
0.12128804,-0.5206906,0.4474341,-0.19156168,-0.08591772
-0.20313953,-0.51752806,0.33926868,-0.18810543,0.08709616
0.0066584093,-0.59422076,0.37941307,-0.50530267,-0.035376064
-0.08075939,0.35999283,-0.19184138,-0.050507843,0.19846627
0.06321276,0.24364184,-0.36571753,-0.022152038,0.1849822
-0.05268658,0.32571375,-0.27376372,-0.093681976,0.26943237
-0.04942622,0.3070506,-0.3300487,-0.08861548,0.378032
0.14051518,0.12629119,-0.19268443,0.12762861,0.2851201
0.013024906,-0.22360817,0.3312026,-0.039317705,-0.22791566
-0.13060097,-0.37243602,0.39999387,-0.116392925,-0.27396506
-0.2502686,-0.39141792,0.40881932,-0.19838747,-0.3112071
-0.16497761,-0.28555313,0.28536057,-0.12404959,-0.19984081
-0.017731497,-0.3486764,0.2221997,-0.13338426,-0.12936895
0.004678,0.17725487,-0.3149376,0.19659416,-0.10496966
-0.056402266,0.353806,-0.39347515,0.22526386,-0.23561616
-0.19402033,0.36656538,-0.33850655,0.36734098,-0.3789241
-0.27345756,0.25561762,-0.30983487,0.45790136,-0.14134467
-0.23728207,0.29651314,-0.31025285,0.19409792,-0.19755448
0.40935913,-0.364734,-0.13979813,0.3162984,-0.29332754
0.26075837,-0.4393459,0.0017538052,0.28102052,-0.2117138
0.27811095,-0.383829,-0.13838525,0.37893996,-0.2944333
0.46820375,-0.22208093,0.04187172,0.253298,-0.23298344
0.32150108,-0.425184,-0.19135453,0.3716591,-0.2709604
-0.09428963,0.06522597,-0.068661846,0.10140245,0.11820742
-0.08564712,0.049287494,-0.024816548,-0.033062134,0.004988471
-0.13851804,0.053568594,0.11896745,-0.24973527,-0.19037817
-0.048916277,-0.115774535,0.10962847,0.002359222,-0.012380427
0.09179643,0.1235014,-0.05160357,0.105567485,-0.0006756958
-0.3524408,-0.35107487,0.2906649,-0.08623401,-0.010804602
-0.3469434,-0.20758952,0.30079585,-0.086403064,-0.26056805
-0.23576848,-0.20327917,0.38793036,0.039842933,-0.2575869
-0.15097262,-0.1631953,0.4796924,0.077302665,-0.3464929
-0.27919134,-0.13364795,0.3580063,-0.03313282,-0.3190096
-0.5301166,-0.5326824,-0.6782294,-0.3224377,-0.43849626
-0.5302469,-0.5228335,-0.5441857,-0.49763992,-0.34445727
-0.40485823,-0.3998505,-0.3744509,-0.5869797,-0.55923235
-0.3616087,-0.4178003,-0.47974962,-0.5291776,-0.4601009
-0.46320835,-0.3902965,-0.4782857,-0.42864332,-0.4101549
-0.505397,-0.59004456,-0.58226347,-0.5567893,-0.5198055
-0.31295168,-0.68696827,-0.43304616,-0.45822906,-0.5696228
-0.39641905,-0.6061585,-0.53887385,-0.4472605,-0.4097733
-0.4234342,-0.5750062,-0.4754106,-0.5004963,-0.5505218
-0.31327075,-0.61302793,-0.25994122,-0.43939164,-0.20148237
-0.6927492,-0.647907,-0.65087134,-0.611632,-0.6612939
-0.66245943,-0.52711546,-0.61452925,-0.61488116,-0.35089904
-0.69196075,-0.5917726,-0.6761566,-0.7075138,-0.44448835
-0.83870703,-0.7340118,-0.6151077,-0.68880457,-0.3685958
-0.7317769,-0.6605728,-0.7062022,-0.7192998,-0.61830634
-0.4990287,-0.56937873,-0.5660628,-0.5301906,-0.47583175
-0.5006787,-0.499044,-0.5667037,-0.5918719,-0.3598034
-0.4982654,-0.52617866,-0.41425544,-0.5223486,-0.46113372
-0.5692046,-0.5586162,-0.43859962,-0.3641504,-0.2858702
-0.5715511,-0.47584373,-0.40101954,-0.33290315,-0.45495299
-0.738161,-0.64169526,-0.52976507,-0.7863571,-0.6631819
-0.66213757,-0.51196903,-0.55287707,-0.5523836,-0.5772136
-0.4634418,-0.48802912,-0.7143548,-0.42991698,-0.4868625
-0.82625425,-0.70177996,-0.5563832,-0.5549085,-0.49670446
-0.61931443,-0.4087875,-0.5340637,-0.5297057,-0.49744394
-0.65547806,-0.5769376,-0.6522953,-0.49497262,-0.61553854
-0.53299725,-0.66129375,-0.575938,-0.51804274,-0.6096453
-0.519239,-0.58401525,-0.64483607,-0.44034448,-0.5588428
-0.52817786,-0.67702127,-0.64128166,-0.3799189,-0.6038314
-0.49691597,-0.5360238,-0.5838997,-0.33386505,-0.4950963
0.48952717,0.56158894,0.71463,0.5837131,0.5678871
0.547209,0.5443874,0.56305134,0.42740005,0.6329852
0.54167986,0.4304614,0.5603382,0.4061784,0.6125422
0.5595047,0.36050728,0.6223978,0.49988005,0.5010492
0.689453,0.32744545,0.49840406,0.4146089,0.55024445
0.8597572,0.7411077,0.6191232,0.76143867,0.77763736
0.93450516,0.73273253,0.76240474,0.8047736,0.68527114
0.90150553,0.61985016,0.7764711,0.8819136,0.8837905
0.8637671,0.7678326,0.82803214,0.76304334,0.59265995
0.64858925,0.6824832,0.8140041,0.794822,0.69190854
0.19475803,0.33468547,0.17052762,0.20741415,0.25799683
0.17552803,0.47136554,0.045653563,0.00026915394,0.09607947
0.0774007,0.22643328,0.042121183,-0.081645004,-0.05428699
0.12178499,-0.046609133,-0.087987125,0.050369475,-0.07736418
0.051175434,-0.040518746,-0.0938668,0.10522896,0.033414513
-0.04863264,-0.18646023,-0.2370113,-0.32174087,-0.28644556
-0.29182115,-0.15781116,-0.3181653,-0.22044653,-0.17498629
-0.12319699,-0.41618454,-0.42079163,-0.14312312,-0.22525668
-0.21125239,-0.308016,-0.24523984,-0.30801627,-0.3096249
-0.05114101,-0.19167688,-0.3259863,-0.29394907,-0.39620575
-0.79236627,-0.65295243,-0.4654865,-0.53693,-0.24877232
-0.46862116,-0.5818998,-0.2735733,-0.11956657,-0.058611784
-0.6107565,-0.7323202,-0.22825734,-0.4370338,-0.0289679
-0.47561842,-0.49432948,-0.4470425,-0.37104404,-0.07930311
-0.79351425,-0.5105262,-0.40666467,-0.27905983,-0.27421132
-0.5951399,-0.51803917,-0.4048842,-0.51519907,-0.5182381
-0.4732705,-0.6190666,-0.3110963,-0.3700831,-0.5834217
-0.5969383,-0.59331524,-0.4864602,-0.5116402,-0.6214406
-0.6112503,-0.49082056,-0.45984253,-0.2877787,-0.5088769
-0.38204536,-0.54344434,-0.51871026,-0.2943373,-0.34858844
-0.44029495,-0.45319143,-0.4355062,-0.5503328,-0.52874464
-0.48669276,-0.3879901,-0.5611703,-0.30961698,-0.25158378
-0.42376924,-0.46026123,-0.5326628,-0.40802416,-0.45698708
-0.5174403,-0.24579218,-0.30854356,-0.37025455,-0.3333313
-0.4541715,-0.21624206,-0.23785087,-0.21350886,-0.39269546
-0.3461911,-0.31206885,-0.59525985,-0.20336664,-0.7348333
-0.36588883,-0.37179387,-0.6923303,-0.4107625,-0.56472534
-0.4141723,-0.5760374,-0.52489394,-0.3700473,-0.5289791
-0.36976022,-0.7236305,-0.7470253,-0.3679177,-0.58316576
-0.40500394,-0.39513382,-0.63796395,-0.3415801,-0.73884463
-0.30910257,-0.2990912,-0.06267393,-0.19805524,-0.092494994
-0.12154377,-0.18588953,-0.06111903,-0.32020926,-0.14222294
-0.150978,-0.30765784,-0.29207194,-0.27024007,-0.13738364
-0.16747814,-0.19525798,-0.01360128,-0.20806304,-0.33505127
0.056395203,-0.056826144,-0.16199619,-0.048654202,-0.24940509
-0.18772313,-0.23693386,-0.25411245,-0.43531805,-0.32122403
-0.36280355,-0.25728637,-0.31864336,-0.54602605,-0.06436834
-0.38263714,-0.33764946,-0.41811344,-0.616517,-0.33606723
-0.3643956,-0.35307354,-0.37518218,-0.5120815,-0.28542393
-0.11356728,-0.44053143,-0.4168998,-0.38887665,-0.09178535
0.66154575,0.5350606,0.53910047,0.7525018,0.6491459
0.72593725,0.68295777,0.6643261,0.7974035,0.7805772
0.76712984,0.54767734,0.7427462,0.67893416,0.91186136
0.87714225,0.75646156,0.67925704,0.67404515,0.87296206
0.78789735,0.7608622,0.7816703,0.65883577,0.7458959
0.1908476,0.28323057,0.2902503,0.17556405,0.100488834
0.1256909,0.1734627,0.1589668,0.25660056,0.029295452
-0.22138394,0.09737662,0.035246618,-0.058126662,0.0069897748
-0.17699814,-0.035357587,0.060970947,0.02300505,-0.25373444
-0.21495044,-0.110470906,-0.2734737,-0.11149097,-0.17713341
0.18169467,0.29772064,0.17180623,0.19205232,0.39163017
0.36731765,0.16970974,0.3172798,0.16442212,0.17560308
0.27843922,0.26660824,0.29030815,0.022509288,0.43276563
0.17312004,0.3379844,0.16728716,0.12290669,0.29408395
0.16285707,0.37417474,0.21407937,0.27589908,0.41744784
0.56554157,0.6318563,0.54928744,0.56459373,0.6340508
0.5753667,0.7476304,0.45821932,0.6633059,0.6453794
0.673442,0.44011137,0.594811,0.62344104,0.59621996
0.66116464,0.70300716,0.5696418,0.720642,0.66771436
0.7518099,0.60516614,0.37729436,0.62517476,0.64820164
0.6427106,0.753269,0.72484386,0.70061535,0.581999
0.7037069,0.51408625,0.6106599,0.7133851,0.6269022
0.7792421,0.6793805,0.7277402,0.85069513,0.64028835
0.6575531,0.7802133,0.47194585,0.7066017,0.6754736
0.67729366,0.6852622,0.6098976,0.5446179,0.6612309
0.7005525,0.59769034,0.7053938,0.6825496,0.7550394
0.84455746,0.547466,0.73621804,0.6505764,0.6918711
0.854248,0.8434385,0.77720016,0.83163047,0.71162194
0.74005294,0.83771896,0.72990525,0.8287309,0.74509764
0.8731746,0.7920429,0.5200141,0.70022166,0.7788225
0.479634,0.41693532,0.44358116,0.521723,0.3152565
0.566861,0.35002306,0.3880228,0.32068637,0.4831252
0.57944745,0.35267705,0.527176,0.5662657,0.36357367
0.52027524,0.45301247,0.28685212,0.6314483,0.4520563
0.6554628,0.51351696,0.2695687,0.45321205,0.44880396
-0.65634465,-0.27707797,-0.5224298,-0.51911455,-0.30288824
-0.29235727,-0.26385394,-0.49421614,-0.61631346,-0.30786434
-0.5108823,-0.5852122,-0.59618825,-0.39102408,-0.29767352
-0.5243321,-0.3788977,-0.47627172,-0.7124722,-0.29644206
-0.485609,-0.29704794,-0.37570032,-0.36165035,-0.294329
-0.2945981,-0.10448622,-0.5082412,-0.45463517,-0.48202538
-0.36586428,-0.12619363,-0.44183293,-0.24062674,-0.22239885
-0.20077892,-0.21696013,-0.37951863,-0.36233547,-0.32895812
-0.06298115,-0.15062137,-0.4231602,-0.35886848,-0.39207873
-0.099678986,-0.056830287,-0.2242675,-0.337528,-0.3521623
-0.68560416,-0.7521452,-0.5525874,-0.59212273,-0.5894161
-0.6711468,-0.66452116,-0.45143205,-0.5442606,-0.47632873
-0.69463015,-0.5433745,-0.6630259,-0.4715395,-0.52083886
-0.6381603,-0.6980338,-0.6677004,-0.39137408,-0.556222
-0.48137528,-0.587632,-0.39345935,-0.2514311,-0.6162313
-0.43271413,-0.45778584,-0.3730255,-0.39798188,-0.30438182
-0.5548002,-0.599761,-0.41368043,-0.52656096,-0.35740677
-0.47043523,-0.35504726,-0.3627946,-0.41142654,-0.3415182
-0.5816306,-0.3853985,-0.48650193,-0.5858587,-0.48860753
-0.5014485,-0.5826077,-0.335918,-0.4917613,-0.4188514
0.020203497,-0.09585221,-0.26214656,0.021628935,-0.22883683
-0.07971872,0.09292979,-0.13019815,-0.047332373,-0.05108186
-0.021456268,-0.23741534,0.03916881,-0.12922107,-0.1131307
-0.2816815,-0.1590744,-0.3045671,0.041090213,-0.12005199
-0.022477865,0.051599387,0.07196372,-0.19626725,-0.10683192
-0.77076644,-0.5333466,-0.56314576,-0.6843102,-0.71812904
-0.53026825,-0.55753034,-0.41202936,-0.5693084,-0.4615777
-0.62811637,-0.56115377,-0.52582675,-0.5706301,-0.34443918
-0.688332,-0.54611886,-0.4205416,-0.4287825,-0.28342354
-0.51965654,-0.5408923,-0.5982087,-0.72835296,-0.60687244
-0.063452095,-0.039679945,-0.049775343,0.03730519,0.07670265
-0.13710526,-0.07527886,0.11795304,-0.08408865,0.23988757
-0.06827706,-0.04638295,0.12151351,-0.09214785,0.10498322
-0.011892336,0.13017452,0.09941935,0.14410748,0.14503181
0.07488914,0.0013677574,0.097250454,0.111831784,0.08623839
0.7403282,0.7891923,0.6461219,0.7112743,0.65571064
0.7842199,0.5372461,0.7165808,0.8954743,0.64598864
0.64348626,0.782256,0.7170053,0.6668829,0.8847879
0.7862807,0.5602225,0.68699163,0.5794552,0.65748054
0.63241196,0.7707244,0.67560494,0.71457696,0.8128359
0.64146435,0.3629263,0.3919621,0.26184675,0.5278353
0.6678233,0.22618651,0.3801107,0.44827285,0.53314537
0.38206652,0.23404653,0.47351092,0.32012945,0.25184083
0.5877876,0.40430135,0.35752258,0.45413882,0.28987402
0.4468311,0.19634172,0.37239692,0.43701115,0.27457985
-0.2656248,-0.03183127,-0.02011189,0.030689228,0.24951512
-0.079862714,0.34500858,-0.22811748,0.21648945,0.19101408
-0.16036557,0.18148172,-0.16242723,0.08063739,0.0101893945
-0.17946887,0.15234433,-0.011588653,0.17824474,0.10422718
-0.28146717,0.23870885,-0.044896122,0.15506929,0.105904415
0.3102654,-0.26255307,-0.23599415,0.19630413,0.18582764
0.23923661,-0.17691796,-0.09690642,-0.028518151,0.06382833
0.100762226,-0.1286573,-0.2400733,0.093480125,0.13273312
0.03686484,-0.09622176,-0.2608402,0.22631595,0.08120721
-0.050602313,-0.014057689,-0.107471235,0.051825482,0.12677053
-0.16830623,0.129819,-0.029843263,-0.19814138,0.0076411087
-0.33481765,0.16565333,0.015907414,-0.013151396,0.0051823794
-0.22295548,0.11362338,0.035386197,-0.2525524,0.06420824
-0.0900266,0.043781318,0.09416625,-0.15580195,-0.022591554
-0.32640663,0.21150248,0.21303108,0.043655235,0.14341079
0.0005216678,-0.359844,0.19201148,-0.0016160457,0.10441926
-0.047258295,-0.1804207,0.083741285,-0.17134896,-0.0021551822
-0.26936355,-0.20763153,0.17634144,-0.12054828,0.12297151
-0.027605481,-0.3458799,0.1955983,-0.080917604,0.10659225
-0.122812904,-0.14101456,0.22261195,-0.0035665845,-0.0667058
-0.23282513,0.03173998,0.22310929,0.089644015,0.18476373
-0.010093509,0.023886753,0.1577794,0.21599679,0.27323157
-0.068601005,-0.00206394,0.25238448,0.24668847,0.22455928
-0.0364198,0.13171054,0.21878256,0.16182281,0.30598512
-0.2494591,-0.102543764,0.3022298,0.056287542,0.1426348
0.17051697,-0.2291934,-0.07226726,0.30534795,0.023862865
0.30041453,-0.024473857,-0.061025187,0.15475167,-0.057283282
0.19392641,-0.15953548,-0.00561677,0.23916496,-0.10252771
0.14235297,0.015865419,-0.13439259,0.13907492,-0.10963683
0.17004621,-0.06118332,0.0049698693,0.10890971,-0.22401567
-0.04900015,0.13135485,-0.350151,0.13249524,-0.17411892
-0.1735479,0.18498579,-0.41334513,-0.08233469,-0.12404355
-0.15044115,0.1428952,-0.260579,-0.15914536,-0.06033949
-0.0047481605,0.26815066,-0.3205466,-0.057901513,-0.02913015
-0.114389695,0.17739536,-0.32057673,-0.06777993,-0.080198534
0.15413047,-0.18699884,-0.23329534,0.15821134,-0.20215328
0.146796,-0.042061828,-0.23778933,0.03658553,-0.18364844
0.18195473,-0.0025937122,-0.22923718,0.033378378,-0.19175906
0.16967992,-0.1753618,-0.25696868,0.0053384313,-0.22780947
0.29728454,-0.22812496,-0.028637752,-0.035261545,-0.1825468
-0.16081698,-0.22674695,-0.32593453,-0.016865144,-0.2402776
-0.27812013,-0.23967423,-0.29971072,-0.12097139,-0.38905373
-0.31331325,-0.16228646,-0.18670256,-0.027286952,-0.26544684
-0.21117909,-0.010279771,-0.12549585,-0.06114334,-0.1985474
-0.052261654,0.07230796,-0.19004549,-0.123916775,-0.056797244
-0.09877434,0.18453844,-0.30427864,0.14882113,0.1304646
-0.03751531,0.07063405,-0.09192031,0.17793858,0.1267687
-0.23487118,0.111301176,-0.21756808,0.28434253,0.04430886
-0.0851893,0.22184664,-0.20067167,0.13505884,0.11351042
-0.2396829,0.16268258,-0.16122906,-0.0022521252,0.08535588
0.05519809,-0.26919955,0.014624322,0.121728495,-0.030970091
0.022349125,-0.16497764,0.05180494,0.11157554,-0.017053653
0.08394094,-0.19228894,0.038892817,0.30808157,-0.1150184
0.13932759,-0.3622738,0.0007243578,-0.012263328,0.014292309
0.083410285,-0.30321458,-0.112923615,0.24611971,-0.124430515
0.03661742,-0.061327994,0.09039461,-0.12000479,-0.21726598
0.19398108,-0.104645915,0.21151347,-0.12439334,0.0634409
0.14953877,-0.13811901,0.19742225,0.0012241313,-0.20751126
0.17328389,-0.046310928,-0.08621061,-0.010615079,-0.17035343
0.14236264,-0.22221416,0.04382505,-0.19989914,-0.08584076
-0.26306644,0.29111788,-0.119349375,0.07563998,0.022345966
-0.19519521,0.14173888,-0.05160634,0.24453786,0.2545963
-0.36834487,0.17345238,-0.052379034,-0.05365797,0.23733173
-0.27967426,0.3203733,-0.045846898,-0.16142118,0.10063035
-0.22900642,0.14314164,-0.11282636,0.1127979,0.17553945
-0.05521625,-0.077889286,0.10693273,0.22921476,0.11810858
-0.045634314,-0.1159239,-0.0047914176,0.30007356,0.0661982
-0.1881472,-0.046476535,0.13807587,0.18200631,0.0919994
-0.1176508,-0.017884828,0.06385339,0.15805367,0.16004646
-0.0017583767,0.10210335,-0.06818221,0.19915667,0.07212446
-0.009174635,0.28657606,-0.083772205,-0.30858192,0.31962377
-0.06274271,0.05406641,-0.07462273,-0.16728729,0.26540363
0.018593082,0.25776082,-0.08900639,-0.3299866,0.20984411
0.09113512,0.24856342,-0.06957158,-0.2677559,0.18692228
0.1342063,0.30559313,-0.06092572,-0.12075953,0.25556523
0.09628642,0.23423839,0.109287575,0.07422281,0.26185626
0.03692673,0.0662969,-0.035482634,-0.00655042,0.13866113
0.039272513,0.20519662,0.091834284,0.11847373,0.12891392
0.028129427,0.13050285,0.07325373,-0.11517581,0.075416535
-0.13763817,0.07786132,0.014226551,0.09689102,0.05063938
0.14969938,-0.016716804,-0.035218157,-0.14317012,0.0800642
-0.061798982,-0.013977721,-0.00968862,-0.20033965,-0.050765444
0.054075576,0.08546824,-0.05990802,-0.111817606,0.113775544
0.15841784,-0.13122486,0.117816195,-0.17831986,-0.10873982
0.123920456,-0.21664327,-0.08910083,0.006355961,0.035576902
-0.3602032,-0.23469572,-0.4693556,-0.1187942,-0.29952526
-0.40893462,-0.12342982,-0.5258917,-0.06598006,-0.326135
-0.42161927,-0.30060244,-0.5496497,-0.10079318,-0.33616054
-0.42657003,-0.36344916,-0.49227437,-0.12067262,-0.29517642
-0.40717846,-0.14978041,-0.6023132,-0.2155399,-0.3608742
0.14844836,-0.20162022,0.12990925,-0.09050937,-0.1611914
0.104794264,-0.1348704,0.053843327,-0.068868555,-0.09354948
0.07027602,-0.25533473,-0.045983855,0.072046444,-0.18642092
0.065186925,-0.31529292,0.1256731,-0.0061070253,-0.26434729
0.11893402,-0.15830886,-0.008742229,0.10060063,-0.13105449
0.022692636,-0.14752564,-0.06386439,0.07309694,-0.072994255
0.12863834,0.07508198,-0.15234004,-0.054232392,-0.08267319
-0.0041358992,-0.037631784,0.014627182,-0.06202173,0.021747628
0.11261161,-0.109099604,0.068579026,-0.109284826,-0.08405408
0.087495156,-0.19334751,-0.044591766,-0.07202262,-0.25311378
0.021721628,0.119055785,-0.000114463095,-0.052938156,-0.2624483
-0.021326125,-0.03386175,-0.062418953,0.014898366,-0.3496784
-0.106035344,-0.062137544,-0.19562249,-0.01498603,-0.25481564
-0.039943866,-0.17068624,-0.23840877,-0.19866315,-0.12522998
-0.070925124,-0.07312072,0.0344405,-0.021866499,-0.23936206
0.088573046,-0.0090120025,-0.12922125,-0.16818784,0.069264434
0.10665171,-0.055341296,0.09833573,-0.16979918,0.17459519
-0.059250765,-0.009863885,0.12285372,-0.1264605,0.18228923
-0.077315666,0.010222427,0.14246243,0.03247676,0.066225
0.07519661,0.1299158,0.109571606,-0.14427036,-0.25756645
0.10441239,-0.2439052,-0.3355074,-0.017797256,-0.12514842
0.067717545,-0.11420852,-0.020724444,-0.1720059,-0.1373667
0.1342662,-0.20443252,0.013798915,-0.13970084,-0.1661035
0.16001128,-0.15534846,-0.14506865,-0.016077928,-0.25175822
0.19151895,-0.1758997,-0.12012146,-0.18066874,-0.14163068
0.052696474,0.023712862,-0.12268029,-0.078607224,0.21716371
-0.024954258,0.048261028,-0.021991605,0.0892479,0.09247683
0.14631188,0.018130284,0.095674366,0.09366555,0.035854515
0.0005452126,0.12477599,-0.02448024,-0.031785928,-0.038125116
-0.049472474,0.09565055,-0.05263348,-0.057234935,0.10382127
-0.115326665,0.19822404,-0.22200844,0.091520295,0.25463676
-0.09755065,0.2729895,-0.30790725,0.048374612,0.14736246
-0.12100268,0.18080227,-0.27287874,0.23526318,0.10605327
-0.102098696,0.26061076,-0.34555236,0.17039411,0.21062922
-0.23482327,0.022162406,-0.23183683,0.17223997,0.23387389
-0.08300428,-0.046957236,-0.2103886,0.28014457,-0.14841673
-0.13517895,0.11924631,-0.14229403,0.1641251,0.039611988
-0.078001395,-0.022693468,-0.13344586,0.22871897,-0.21455558
-0.12472865,0.023424068,-0.07143213,0.25600964,-0.24091233
-0.04329494,0.12478394,-0.21212992,0.18368733,-0.17890887
0.09323759,-0.30475947,0.13359733,0.05990302,0.011214572
0.14145046,-0.17882958,0.11732647,0.110310644,-0.27281874
0.10768468,-0.19392382,0.0004899743,0.13274094,-0.12716174
0.13092826,-0.26816007,0.15234749,0.09530175,-0.25453758
0.19168471,-0.17331871,0.029519547,-0.009328883,-0.2452701
-0.060468405,-0.20901835,0.045471113,-0.27773014,0.087405644
0.08183112,-0.018472169,-0.047413643,-0.13484685,-0.16429
-0.06063478,-0.03825707,0.08026582,-0.18090506,0.0107358685
-0.12988831,0.0128019275,-0.15857497,-0.22233813,-0.16584127
-0.09611975,0.087146066,0.004361563,-0.034244157,0.05083899
0.121710606,-0.19101383,0.11549244,0.13819115,0.097717814
0.03860583,-0.19389683,-0.012993316,0.16087797,0.047098484
-0.13869259,-0.13374357,-0.0024090467,0.07894959,0.23436253
0.048471507,-0.24481176,0.20039038,0.08080927,0.06596027
-0.09236498,-0.24031772,0.036779262,0.088153034,0.015015973
-0.24491619,0.1950694,0.20742956,0.06522838,0.18109697
-0.32388082,0.14465861,0.3286639,0.08269148,0.15326533
-0.11582842,0.15764898,0.24349552,-0.0026169105,0.14929155
-0.30506524,0.26763144,0.19488458,-0.10023028,0.25275984
-0.28539568,0.15476714,0.070083186,0.06826238,0.24405177
0.0020714423,-0.08312337,0.06665974,-0.040696,-0.049831994
0.111299194,0.02378899,-0.13878193,-0.26813585,-0.049359728
0.11980098,-0.07232989,-0.1421741,-0.08049814,-0.32180968
0.17487358,-0.04070999,-0.045225687,-0.042000357,-0.015999187
0.017988583,-0.09760776,-0.104956105,0.07912878,-0.09936053
0.25623485,-0.036020495,-0.06909012,0.009578829,0.18353051
0.07132328,-0.057694614,-0.33865762,0.0032376333,-0.10729887
0.25091526,-0.22057365,-0.28335154,0.052700795,-0.053766113
0.062302146,-0.03904072,-0.16955139,-0.12236056,0.10649427
-0.07538515,-0.28027156,-0.26903158,-0.006275513,0.09042187
-0.29426923,-0.3141006,0.32364362,-0.14402081,0.29699397,-0.37049195,-0.06896045,-0.09614195,0.07720364,-0.20984991,0.102872565,-0.25776964,-0.39273277,-0.38962498,-0.14268489,0.5670701,-0.028427145,-0.2930646,-0.40282136,-0.18003249,0.04499934,0.088996,-0.279904,0.6372421,-0.20100568,-0.30374926,-0.19276749,0.056429785,0.3064119,-0.49712503,-0.015284446,-0.32170603
0.18016765
-0.8602648
-0.0016326966
0.14448299
-0.63835126
-0.22162773
0.200458
0.23722008
0.27399355
-0.72517294
0.5641945
-0.5432611
-0.6779275
0.5119194
0.29450974
-0.35204518
-0.19436939
0.64425814
0.23836988
-0.6894554
-0.6675015
0.1311663
0.1330043
-0.7015616
0.34384233
0.38574764
-0.35350376
0.23639521
0.19901374
-0.32949436
0.11538626
-0.7902854
-0.80816483
0.24297667
0.3036555
0.17804702
-0.480195
-0.9264763
0.10164169
0.12506658
0.19722424
0.16872455
0.24282801
0.16217783
-0.84382755
-0.55606896
0.3561032
0.16596036
0.1718198
0.33237055
0.30504152
0.13077082
-0.21415207
-0.7554374
0.649913
0.12233114
0.55872464
-0.34387806
-0.8632663
-0.6681117
-0.08716586
0.34022
0.37188753
0.35581848
0.40507036
0.37688628
0.13338655
-0.58695513
0.19937879
-0.84471786
-0.7325871
0.18551026
0.20863974
0.5191562
-0.95172834
-0.85200596
0.6182465
-0.98785937
-0.49753988
0.33937332
0.71260697
-0.9205094
-0.49512517
0.11977881
0.044084717
0.27474052
0.25448948
-0.113968715
-0.79794526
0.23793453
0.29850444
0.31561086
-0.26006457
0.20655037
-0.051697623
-0.97563565
0.34673026
0.39244533
-0.7348756
-0.89979464
0.17900997
0.15204489
0.11997852
0.32843286
0.29768732
-0.033124976
-0.6756914
-0.8757369
0.24813539
-0.88144445
0.06587232
0.20651816
-0.7131512
-0.1799287
0.2591365
0.29423478
0.3006817
-0.7061619
0.24412832
-0.48114797
-0.5587333
0.40873912
0.2891032
-0.25567898
-0.25175086
0.5442507
-0.968627
-0.6709247
0.24567941
0.18140809
0.38896835
0.36823687
0.017595088
-0.7069188
0.305198
-0.08895309
-0.7349471
-0.23554736
0.109078795
0.21384165
0.11209559
0.21922968
0.24449033
0.27832654
0.19260345
0.21200433
0.23216999
0.08230115
0.07085621
0.17608644
-0.7804165
-0.71819586
0.04786842
0.1858532
-0.8328924
0.29777792
0.30500302
-0.10476035
0.21870252
0.26975122
0.26098832
-0.8941632
0.26517123
0.12324847
0.18874873
0.14515707
-0.9027244
-0.13930586
0.1643935
0.22127485
-0.5641503
0.13186055
0.21716629
0.22137162
0.07799363
0.16522188
0.19995363
-0.5666557
-0.91198653
-0.01731401
0.33861992
0.28590634
0.2897283
0.020581944
-0.7731625
0.052683454
-0.9801974
-0.4054201
0.32019463
0.27734852
0.2748303
0.3180125
0.15584655
0.16228439
0.26342043
-0.7838856
-0.71334606
0.14718892
0.23060782
0.4484068
0.2844142
-0.66662943
0.30727258
0.22444642
-0.9145092
-0.79072565
-0.49953395
-0.40604392
-0.6482512
-0.52369
0.05607404
0.25632873
0.1156642
0.22943479
0.23903605
0.22249351
-0.84951985
-0.634162
0.26070806
0.15510301
0.41015905
0.38782513
-0.07715295
-0.8550841
0.26664612
-0.8855381
0.3096293
0.111524716
0.09886176
0.30024564
0.2677162
0.0035367454
-0.5856774
-0.98514086
0.28530735
0.28201714
-0.030385803
0.23530452
-0.98999554
-0.5705535
0.32097787
0.37039486
-0.29661956
-0.95216894
0.091271825
0.20187438
0.14646399
0.38501728
0.35522947
0.032280363
-0.5020299
-0.11958043
0.2853121
0.042549573
-0.8610888
0.10042904
0.06694169
-0.71719193
0.3910345
0.44959527
-0.01644853
0.20440768
-0.13130568
0.040142443
0.16898103
-1.0474433
-0.28044984
0.20649286
0.23634641
0.06012514
0.46847084
0.38265607
0.46016267
0.20908314
-0.65416765
0.24107021
-0.6725152
-0.66983014
0.27717763
0.12178037
0.4264312
0.17522272
-0.87388754
0.25712767
0.09612859
-0.8587068
-0.5198122
0.3823848
0.0,0.0,0.0,0.0,0.0,0.0,0.0,0.0,0.0
